Time;Herbivore_Male;Herbivore_Female;Predator_Male;Predator_Female;Deaths;HerbivoreDeaths;PredatorDeaths;Births;PredatorKills;TreesEaten;TreesSpawned;MaxGeneration;MutationCount;PerGeneMutationCount;SingleGeneMutationCount;BigJumpMutationCount;SmallMutationCount;HerbivoreMale_Tezyzna;HerbivoreMale_Poped;HerbivoreMale_Zwin;HerbivoreMale_Atrak;HerbivoreMale_Perc;HerbivoreMale_Sila;HerbivoreFemale_Tezyzna;HerbivoreFemale_Poped;HerbivoreFemale_Zwin;HerbivoreFemale_Atrak;HerbivoreFemale_Perc;HerbivoreFemale_Sila;PredatorMale_Tezyzna;PredatorMale_Poped;PredatorMale_Zwin;PredatorMale_Atrak;PredatorMale_Perc;PredatorMale_Sila;PredatorFemale_Tezyzna;PredatorFemale_Poped;PredatorFemale_Zwin;PredatorFemale_Atrak;PredatorFemale_Perc;PredatorFemale_Sila
0.98;2;8;7;3;0;0;0;0;0;0;0;0;0;0;0;0;0.357;0.744;0.743;0.547;0.164;0.706;0.499;0.505;0.492;0.360;0.451;0.615;0.535;0.633;0.498;0.425;0.411;0.472;0.710;0.458;0.597;0.713;0.571;0.534
1.98;2;8;7;3;0;0;0;0;0;0;0;0;0;0;0;0;0.357;0.744;0.743;0.547;0.164;0.706;0.499;0.505;0.492;0.360;0.451;0.615;0.535;0.633;0.498;0.425;0.411;0.472;0.710;0.458;0.597;0.713;0.571;0.534
2.99;2;8;7;3;0;0;0;0;0;0;0;0;0;0;0;0;0.357;0.744;0.743;0.547;0.164;0.706;0.499;0.505;0.492;0.360;0.451;0.615;0.535;0.633;0.498;0.425;0.411;0.472;0.710;0.458;0.597;0.713;0.571;0.534
3.99;2;8;7;3;0;0;0;0;0;0;0;0;0;0;0;0;0.357;0.744;0.743;0.547;0.164;0.706;0.499;0.505;0.492;0.360;0.451;0.615;0.535;0.633;0.498;0.425;0.411;0.472;0.710;0.458;0.597;0.713;0.571;0.534
4.99;2;8;7;3;0;0;0;0;0;0;0;0;0;0;0;0;0.357;0.744;0.743;0.547;0.164;0.706;0.499;0.505;0.492;0.360;0.451;0.615;0.535;0.633;0.498;0.425;0.411;0.472;0.710;0.458;0.597;0.713;0.571;0.534
5.99;2;8;7;3;0;0;0;0;0;0;0;0;0;0;0;0;0.357;0.744;0.743;0.547;0.164;0.706;0.499;0.505;0.492;0.360;0.451;0.615;0.535;0.633;0.498;0.425;0.411;0.472;0.710;0.458;0.597;0.713;0.571;0.534
6.99;2;8;7;3;0;0;0;0;0;0;0;0;0;0;0;0;0.357;0.744;0.743;0.547;0.164;0.706;0.499;0.505;0.492;0.360;0.451;0.615;0.535;0.633;0.498;0.425;0.411;0.472;0.710;0.458;0.597;0.713;0.571;0.534
8.00;2;8;7;3;0;0;0;0;0;0;0;0;0;0;0;0;0.357;0.744;0.743;0.547;0.164;0.706;0.499;0.505;0.492;0.360;0.451;0.615;0.535;0.633;0.498;0.425;0.411;0.472;0.710;0.458;0.597;0.713;0.571;0.534
9.00;2;8;7;3;0;0;0;0;0;0;0;0;0;0;0;0;0.357;0.744;0.743;0.547;0.164;0.706;0.499;0.505;0.492;0.360;0.451;0.615;0.535;0.633;0.498;0.425;0.411;0.472;0.710;0.458;0.597;0.713;0.571;0.534
10.00;2;8;7;3;0;0;0;0;0;0;0;0;0;0;0;0;0.357;0.744;0.743;0.547;0.164;0.706;0.499;0.505;0.492;0.360;0.451;0.615;0.535;0.633;0.498;0.425;0.411;0.472;0.710;0.458;0.597;0.713;0.571;0.534
11.01;2;8;7;3;0;0;0;0;0;0;0;0;0;0;0;0;0.357;0.744;0.743;0.547;0.164;0.706;0.499;0.505;0.492;0.360;0.451;0.615;0.535;0.633;0.498;0.425;0.411;0.472;0.710;0.458;0.597;0.713;0.571;0.534
12.01;2;8;7;3;0;0;0;0;0;0;0;0;0;0;0;0;0.357;0.744;0.743;0.547;0.164;0.706;0.499;0.505;0.492;0.360;0.451;0.615;0.535;0.633;0.498;0.425;0.411;0.472;0.710;0.458;0.597;0.713;0.571;0.534
13.01;2;8;7;3;0;0;0;0;0;0;0;0;0;0;0;0;0.357;0.744;0.743;0.547;0.164;0.706;0.499;0.505;0.492;0.360;0.451;0.615;0.535;0.633;0.498;0.425;0.411;0.472;0.710;0.458;0.597;0.713;0.571;0.534
14.01;2;8;7;3;0;0;0;0;0;0;0;0;0;0;0;0;0.357;0.744;0.743;0.547;0.164;0.706;0.499;0.505;0.492;0.360;0.451;0.615;0.535;0.633;0.498;0.425;0.411;0.472;0.710;0.458;0.597;0.713;0.571;0.534
15.01;2;8;7;3;0;0;0;0;0;0;0;0;0;0;0;0;0.357;0.744;0.743;0.547;0.164;0.706;0.499;0.505;0.492;0.360;0.451;0.615;0.535;0.633;0.498;0.425;0.411;0.472;0.710;0.458;0.597;0.713;0.571;0.534
16.02;2;8;7;3;0;0;0;0;0;0;0;0;0;0;0;0;0.357;0.744;0.743;0.547;0.164;0.706;0.499;0.505;0.492;0.360;0.451;0.615;0.535;0.633;0.498;0.425;0.411;0.472;0.710;0.458;0.597;0.713;0.571;0.534
17.02;2;8;7;3;0;0;0;0;0;0;0;0;0;0;0;0;0.357;0.744;0.743;0.547;0.164;0.706;0.499;0.505;0.492;0.360;0.451;0.615;0.535;0.633;0.498;0.425;0.411;0.472;0.710;0.458;0.597;0.713;0.571;0.534
18.02;2;8;7;3;0;0;0;0;0;0;0;0;0;0;0;0;0.357;0.744;0.743;0.547;0.164;0.706;0.499;0.505;0.492;0.360;0.451;0.615;0.535;0.633;0.498;0.425;0.411;0.472;0.710;0.458;0.597;0.713;0.571;0.534
19.02;2;8;7;3;0;0;0;0;0;0;0;0;0;0;0;0;0.357;0.744;0.743;0.547;0.164;0.706;0.499;0.505;0.492;0.360;0.451;0.615;0.535;0.633;0.498;0.425;0.411;0.472;0.710;0.458;0.597;0.713;0.571;0.534
20.02;2;8;7;3;0;0;0;0;0;0;0;0;0;0;0;0;0.357;0.744;0.743;0.547;0.164;0.706;0.499;0.505;0.492;0.360;0.451;0.615;0.535;0.633;0.498;0.425;0.411;0.472;0.710;0.458;0.597;0.713;0.571;0.534
21.02;2;8;7;3;0;0;0;0;0;0;0;0;0;0;0;0;0.357;0.744;0.743;0.547;0.164;0.706;0.499;0.505;0.492;0.360;0.451;0.615;0.535;0.633;0.498;0.425;0.411;0.472;0.710;0.458;0.597;0.713;0.571;0.534
22.02;2;8;7;3;0;0;0;0;0;0;0;0;0;0;0;0;0.357;0.744;0.743;0.547;0.164;0.706;0.499;0.505;0.492;0.360;0.451;0.615;0.535;0.633;0.498;0.425;0.411;0.472;0.710;0.458;0.597;0.713;0.571;0.534
23.03;2;8;7;3;0;0;0;0;0;0;0;0;0;0;0;0;0.357;0.744;0.743;0.547;0.164;0.706;0.499;0.505;0.492;0.360;0.451;0.615;0.535;0.633;0.498;0.425;0.411;0.472;0.710;0.458;0.597;0.713;0.571;0.534
24.03;2;8;7;3;0;0;0;0;0;1;0;0;0;0;0;0;0.357;0.744;0.743;0.547;0.164;0.706;0.499;0.505;0.492;0.360;0.451;0.615;0.535;0.633;0.498;0.425;0.411;0.472;0.710;0.458;0.597;0.713;0.571;0.534
25.03;2;8;7;3;0;0;0;0;0;1;0;0;0;0;0;0;0.357;0.744;0.743;0.547;0.164;0.706;0.499;0.505;0.492;0.360;0.451;0.615;0.535;0.633;0.498;0.425;0.411;0.472;0.710;0.458;0.597;0.713;0.571;0.534
26.03;2;8;7;3;0;0;0;0;0;1;0;0;0;0;0;0;0.357;0.744;0.743;0.547;0.164;0.706;0.499;0.505;0.492;0.360;0.451;0.615;0.535;0.633;0.498;0.425;0.411;0.472;0.710;0.458;0.597;0.713;0.571;0.534
27.04;2;8;7;3;0;0;0;0;0;1;0;0;0;0;0;0;0.357;0.744;0.743;0.547;0.164;0.706;0.499;0.505;0.492;0.360;0.451;0.615;0.535;0.633;0.498;0.425;0.411;0.472;0.710;0.458;0.597;0.713;0.571;0.534
28.04;2;8;7;3;0;0;0;0;0;3;0;0;0;0;0;0;0.357;0.744;0.743;0.547;0.164;0.706;0.499;0.505;0.492;0.360;0.451;0.615;0.535;0.633;0.498;0.425;0.411;0.472;0.710;0.458;0.597;0.713;0.571;0.534
29.04;2;8;7;3;0;0;0;0;0;3;0;0;0;0;0;0;0.357;0.744;0.743;0.547;0.164;0.706;0.499;0.505;0.492;0.360;0.451;0.615;0.535;0.633;0.498;0.425;0.411;0.472;0.710;0.458;0.597;0.713;0.571;0.534
30.04;2;8;7;3;0;0;0;0;0;4;0;0;0;0;0;0;0.357;0.744;0.743;0.547;0.164;0.706;0.499;0.505;0.492;0.360;0.451;0.615;0.535;0.633;0.498;0.425;0.411;0.472;0.710;0.458;0.597;0.713;0.571;0.534
31.04;2;8;7;3;0;0;0;0;0;4;0;0;0;0;0;0;0.357;0.744;0.743;0.547;0.164;0.706;0.499;0.505;0.492;0.360;0.451;0.615;0.535;0.633;0.498;0.425;0.411;0.472;0.710;0.458;0.597;0.713;0.571;0.534
32.05;2;8;7;3;0;0;0;0;0;4;0;0;0;0;0;0;0.357;0.744;0.743;0.547;0.164;0.706;0.499;0.505;0.492;0.360;0.451;0.615;0.535;0.633;0.498;0.425;0.411;0.472;0.710;0.458;0.597;0.713;0.571;0.534
33.05;2;8;7;3;0;0;0;0;0;4;0;0;0;0;0;0;0.357;0.744;0.743;0.547;0.164;0.706;0.499;0.505;0.492;0.360;0.451;0.615;0.535;0.633;0.498;0.425;0.411;0.472;0.710;0.458;0.597;0.713;0.571;0.534
34.05;2;8;7;3;0;0;0;0;0;4;0;0;0;0;0;0;0.357;0.744;0.743;0.547;0.164;0.706;0.499;0.505;0.492;0.360;0.451;0.615;0.535;0.633;0.498;0.425;0.411;0.472;0.710;0.458;0.597;0.713;0.571;0.534
35.05;2;8;7;3;0;0;0;0;0;4;0;0;0;0;0;0;0.357;0.744;0.743;0.547;0.164;0.706;0.499;0.505;0.492;0.360;0.451;0.615;0.535;0.633;0.498;0.425;0.411;0.472;0.710;0.458;0.597;0.713;0.571;0.534
36.05;2;8;7;3;0;0;0;0;0;4;0;0;0;0;0;0;0.357;0.744;0.743;0.547;0.164;0.706;0.499;0.505;0.492;0.360;0.451;0.615;0.535;0.633;0.498;0.425;0.411;0.472;0.710;0.458;0.597;0.713;0.571;0.534
37.05;2;7;7;3;1;1;0;0;1;5;0;0;0;0;0;0;0.357;0.744;0.743;0.547;0.164;0.706;0.552;0.522;0.539;0.404;0.403;0.576;0.535;0.633;0.498;0.425;0.411;0.472;0.710;0.458;0.597;0.713;0.571;0.534
38.05;2;7;7;3;1;1;0;0;1;6;0;0;0;0;0;0;0.357;0.744;0.743;0.547;0.164;0.706;0.552;0.522;0.539;0.404;0.403;0.576;0.535;0.633;0.498;0.425;0.411;0.472;0.710;0.458;0.597;0.713;0.571;0.534
39.05;2;7;7;3;1;1;0;0;1;6;0;0;0;0;0;0;0.357;0.744;0.743;0.547;0.164;0.706;0.552;0.522;0.539;0.404;0.403;0.576;0.535;0.633;0.498;0.425;0.411;0.472;0.710;0.458;0.597;0.713;0.571;0.534
40.05;2;7;7;3;1;1;0;0;1;6;1;0;0;0;0;0;0.357;0.744;0.743;0.547;0.164;0.706;0.552;0.522;0.539;0.404;0.403;0.576;0.535;0.633;0.498;0.425;0.411;0.472;0.710;0.458;0.597;0.713;0.571;0.534
41.05;2;7;7;3;1;1;0;0;1;6;1;0;0;0;0;0;0.357;0.744;0.743;0.547;0.164;0.706;0.552;0.522;0.539;0.404;0.403;0.576;0.535;0.633;0.498;0.425;0.411;0.472;0.710;0.458;0.597;0.713;0.571;0.534
42.06;2;7;7;3;1;1;0;0;1;7;1;0;0;0;0;0;0.357;0.744;0.743;0.547;0.164;0.706;0.552;0.522;0.539;0.404;0.403;0.576;0.535;0.633;0.498;0.425;0.411;0.472;0.710;0.458;0.597;0.713;0.571;0.534
43.06;2;7;7;3;1;1;0;0;1;7;1;0;0;0;0;0;0.357;0.744;0.743;0.547;0.164;0.706;0.552;0.522;0.539;0.404;0.403;0.576;0.535;0.633;0.498;0.425;0.411;0.472;0.710;0.458;0.597;0.713;0.571;0.534
44.06;2;7;7;3;1;1;0;0;1;8;1;0;0;0;0;0;0.357;0.744;0.743;0.547;0.164;0.706;0.552;0.522;0.539;0.404;0.403;0.576;0.535;0.633;0.498;0.425;0.411;0.472;0.710;0.458;0.597;0.713;0.571;0.534
45.06;2;7;7;3;1;1;0;0;1;8;2;0;0;0;0;0;0.357;0.744;0.743;0.547;0.164;0.706;0.552;0.522;0.539;0.404;0.403;0.576;0.535;0.633;0.498;0.425;0.411;0.472;0.710;0.458;0.597;0.713;0.571;0.534
46.06;2;7;7;3;1;1;0;0;1;9;2;0;0;0;0;0;0.357;0.744;0.743;0.547;0.164;0.706;0.552;0.522;0.539;0.404;0.403;0.576;0.535;0.633;0.498;0.425;0.411;0.472;0.710;0.458;0.597;0.713;0.571;0.534
47.06;2;7;7;3;1;1;0;0;1;9;2;0;0;0;0;0;0.357;0.744;0.743;0.547;0.164;0.706;0.552;0.522;0.539;0.404;0.403;0.576;0.535;0.633;0.498;0.425;0.411;0.472;0.710;0.458;0.597;0.713;0.571;0.534
48.07;2;7;7;3;1;1;0;0;1;9;3;0;0;0;0;0;0.357;0.744;0.743;0.547;0.164;0.706;0.552;0.522;0.539;0.404;0.403;0.576;0.535;0.633;0.498;0.425;0.411;0.472;0.710;0.458;0.597;0.713;0.571;0.534
49.07;2;6;7;3;2;2;0;0;2;10;3;0;0;0;0;0;0.357;0.744;0.743;0.547;0.164;0.706;0.493;0.537;0.580;0.469;0.385;0.581;0.535;0.633;0.498;0.425;0.411;0.472;0.710;0.458;0.597;0.713;0.571;0.534
50.07;2;6;7;3;2;2;0;0;2;10;3;0;0;0;0;0;0.357;0.744;0.743;0.547;0.164;0.706;0.493;0.537;0.580;0.469;0.385;0.581;0.535;0.633;0.498;0.425;0.411;0.472;0.710;0.458;0.597;0.713;0.571;0.534
51.07;2;6;7;3;2;2;0;0;2;10;3;0;0;0;0;0;0.357;0.744;0.743;0.547;0.164;0.706;0.493;0.537;0.580;0.469;0.385;0.581;0.535;0.633;0.498;0.425;0.411;0.472;0.710;0.458;0.597;0.713;0.571;0.534
52.08;2;6;7;3;2;2;0;0;2;10;4;0;0;0;0;0;0.357;0.744;0.743;0.547;0.164;0.706;0.493;0.537;0.580;0.469;0.385;0.581;0.535;0.633;0.498;0.425;0.411;0.472;0.710;0.458;0.597;0.713;0.571;0.534
53.08;2;6;7;3;2;2;0;0;2;10;5;0;0;0;0;0;0.357;0.744;0.743;0.547;0.164;0.706;0.493;0.537;0.580;0.469;0.385;0.581;0.535;0.633;0.498;0.425;0.411;0.472;0.710;0.458;0.597;0.713;0.571;0.534
54.08;2;6;7;3;2;2;0;0;2;10;5;0;0;0;0;0;0.357;0.744;0.743;0.547;0.164;0.706;0.493;0.537;0.580;0.469;0.385;0.581;0.535;0.633;0.498;0.425;0.411;0.472;0.710;0.458;0.597;0.713;0.571;0.534
55.08;2;6;7;3;2;2;0;0;2;11;5;0;0;0;0;0;0.357;0.744;0.743;0.547;0.164;0.706;0.493;0.537;0.580;0.469;0.385;0.581;0.535;0.633;0.498;0.425;0.411;0.472;0.710;0.458;0.597;0.713;0.571;0.534
56.08;2;6;7;3;2;2;0;0;2;11;5;0;0;0;0;0;0.357;0.744;0.743;0.547;0.164;0.706;0.493;0.537;0.580;0.469;0.385;0.581;0.535;0.633;0.498;0.425;0.411;0.472;0.710;0.458;0.597;0.713;0.571;0.534
57.08;2;6;7;3;2;2;0;0;2;11;5;0;0;0;0;0;0.357;0.744;0.743;0.547;0.164;0.706;0.493;0.537;0.580;0.469;0.385;0.581;0.535;0.633;0.498;0.425;0.411;0.472;0.710;0.458;0.597;0.713;0.571;0.534
58.08;2;6;7;3;2;2;0;0;2;11;5;0;0;0;0;0;0.357;0.744;0.743;0.547;0.164;0.706;0.493;0.537;0.580;0.469;0.385;0.581;0.535;0.633;0.498;0.425;0.411;0.472;0.710;0.458;0.597;0.713;0.571;0.534
59.09;2;6;7;3;2;2;0;0;2;11;7;0;0;0;0;0;0.357;0.744;0.743;0.547;0.164;0.706;0.493;0.537;0.580;0.469;0.385;0.581;0.535;0.633;0.498;0.425;0.411;0.472;0.710;0.458;0.597;0.713;0.571;0.534
60.09;1;6;7;3;3;3;0;0;3;11;7;0;0;0;0;0;0.010;0.786;0.998;0.575;0.057;0.566;0.493;0.537;0.580;0.469;0.385;0.581;0.535;0.633;0.498;0.425;0.411;0.472;0.710;0.458;0.597;0.713;0.571;0.534
61.09;1;6;7;3;3;3;0;0;3;11;7;0;0;0;0;0;0.010;0.786;0.998;0.575;0.057;0.566;0.493;0.537;0.580;0.469;0.385;0.581;0.535;0.633;0.498;0.425;0.411;0.472;0.710;0.458;0.597;0.713;0.571;0.534
62.09;1;6;7;3;3;3;0;0;3;11;7;0;0;0;0;0;0.010;0.786;0.998;0.575;0.057;0.566;0.493;0.537;0.580;0.469;0.385;0.581;0.535;0.633;0.498;0.425;0.411;0.472;0.710;0.458;0.597;0.713;0.571;0.534
63.09;1;6;7;3;3;3;0;0;3;12;8;0;0;0;0;0;0.010;0.786;0.998;0.575;0.057;0.566;0.493;0.537;0.580;0.469;0.385;0.581;0.535;0.633;0.498;0.425;0.411;0.472;0.710;0.458;0.597;0.713;0.571;0.534
64.09;1;6;7;3;3;3;0;0;3;12;8;0;0;0;0;0;0.010;0.786;0.998;0.575;0.057;0.566;0.493;0.537;0.580;0.469;0.385;0.581;0.535;0.633;0.498;0.425;0.411;0.472;0.710;0.458;0.597;0.713;0.571;0.534
65.10;1;6;7;3;3;3;0;0;3;12;8;0;0;0;0;0;0.010;0.786;0.998;0.575;0.057;0.566;0.493;0.537;0.580;0.469;0.385;0.581;0.535;0.633;0.498;0.425;0.411;0.472;0.710;0.458;0.597;0.713;0.571;0.534
66.10;1;6;7;3;3;3;0;0;3;12;8;0;0;0;0;0;0.010;0.786;0.998;0.575;0.057;0.566;0.493;0.537;0.580;0.469;0.385;0.581;0.535;0.633;0.498;0.425;0.411;0.472;0.710;0.458;0.597;0.713;0.571;0.534
67.10;1;6;7;3;3;3;0;0;3;12;8;0;0;0;0;0;0.010;0.786;0.998;0.575;0.057;0.566;0.493;0.537;0.580;0.469;0.385;0.581;0.535;0.633;0.498;0.425;0.411;0.472;0.710;0.458;0.597;0.713;0.571;0.534
68.10;1;6;7;3;3;3;0;0;3;12;9;0;0;0;0;0;0.010;0.786;0.998;0.575;0.057;0.566;0.493;0.537;0.580;0.469;0.385;0.581;0.535;0.633;0.498;0.425;0.411;0.472;0.710;0.458;0.597;0.713;0.571;0.534
69.10;1;6;7;3;3;3;0;0;3;12;10;0;0;0;0;0;0.010;0.786;0.998;0.575;0.057;0.566;0.493;0.537;0.580;0.469;0.385;0.581;0.535;0.633;0.498;0.425;0.411;0.472;0.710;0.458;0.597;0.713;0.571;0.534
70.10;1;6;7;3;3;3;0;0;3;13;10;0;0;0;0;0;0.010;0.786;0.998;0.575;0.057;0.566;0.493;0.537;0.580;0.469;0.385;0.581;0.535;0.633;0.498;0.425;0.411;0.472;0.710;0.458;0.597;0.713;0.571;0.534
71.10;1;6;7;3;3;3;0;0;3;13;10;0;0;0;0;0;0.010;0.786;0.998;0.575;0.057;0.566;0.493;0.537;0.580;0.469;0.385;0.581;0.535;0.633;0.498;0.425;0.411;0.472;0.710;0.458;0.597;0.713;0.571;0.534
72.11;1;6;7;3;3;3;0;0;3;13;10;0;0;0;0;0;0.010;0.786;0.998;0.575;0.057;0.566;0.493;0.537;0.580;0.469;0.385;0.581;0.535;0.633;0.498;0.425;0.411;0.472;0.710;0.458;0.597;0.713;0.571;0.534
73.11;1;6;7;3;3;3;0;0;3;13;10;0;0;0;0;0;0.010;0.786;0.998;0.575;0.057;0.566;0.493;0.537;0.580;0.469;0.385;0.581;0.535;0.633;0.498;0.425;0.411;0.472;0.710;0.458;0.597;0.713;0.571;0.534
74.11;1;6;7;3;3;3;0;0;3;15;10;0;0;0;0;0;0.010;0.786;0.998;0.575;0.057;0.566;0.493;0.537;0.580;0.469;0.385;0.581;0.535;0.633;0.498;0.425;0.411;0.472;0.710;0.458;0.597;0.713;0.571;0.534
75.11;1;6;7;3;3;3;0;0;3;15;10;0;0;0;0;0;0.010;0.786;0.998;0.575;0.057;0.566;0.493;0.537;0.580;0.469;0.385;0.581;0.535;0.633;0.498;0.425;0.411;0.472;0.710;0.458;0.597;0.713;0.571;0.534
76.11;2;6;7;4;3;3;0;2;3;15;10;1;1;0;1;1;0.189;0.714;0.935;0.575;0.057;0.566;0.493;0.537;0.580;0.469;0.385;0.581;0.535;0.633;0.498;0.425;0.411;0.472;0.770;0.462;0.555;0.655;0.662;0.439
77.11;2;6;7;4;3;3;0;2;3;15;11;1;1;0;1;1;0.189;0.714;0.935;0.575;0.057;0.566;0.493;0.537;0.580;0.469;0.385;0.581;0.535;0.633;0.498;0.425;0.411;0.472;0.770;0.462;0.555;0.655;0.662;0.439
78.11;2;5;7;4;4;4;0;2;4;16;11;1;1;0;1;1;0.189;0.714;0.935;0.575;0.057;0.566;0.405;0.555;0.676;0.550;0.451;0.596;0.535;0.633;0.498;0.425;0.411;0.472;0.770;0.462;0.555;0.655;0.662;0.439
79.11;2;5;7;4;4;4;0;2;4;16;11;1;1;0;1;1;0.189;0.714;0.935;0.575;0.057;0.566;0.405;0.555;0.676;0.550;0.451;0.596;0.535;0.633;0.498;0.425;0.411;0.472;0.770;0.462;0.555;0.655;0.662;0.439
80.12;2;5;7;4;4;4;0;2;4;16;11;1;1;0;1;1;0.189;0.714;0.935;0.575;0.057;0.566;0.405;0.555;0.676;0.550;0.451;0.596;0.535;0.633;0.498;0.425;0.411;0.472;0.770;0.462;0.555;0.655;0.662;0.439
81.12;2;5;7;4;4;4;0;2;4;16;11;1;1;0;1;1;0.189;0.714;0.935;0.575;0.057;0.566;0.405;0.555;0.676;0.550;0.451;0.596;0.535;0.633;0.498;0.425;0.411;0.472;0.770;0.462;0.555;0.655;0.662;0.439
82.12;2;5;7;4;4;4;0;2;4;16;12;1;1;0;1;1;0.189;0.714;0.935;0.575;0.057;0.566;0.405;0.555;0.676;0.550;0.451;0.596;0.535;0.633;0.498;0.425;0.411;0.472;0.770;0.462;0.555;0.655;0.662;0.439
83.12;2;5;7;5;4;4;0;3;4;17;12;1;2;1;1;1;0.189;0.714;0.935;0.575;0.057;0.566;0.405;0.555;0.676;0.550;0.451;0.596;0.535;0.633;0.498;0.425;0.411;0.472;0.721;0.496;0.576;0.528;0.665;0.546
84.12;2;5;7;5;4;4;0;3;4;17;12;1;2;1;1;1;0.189;0.714;0.935;0.575;0.057;0.566;0.405;0.555;0.676;0.550;0.451;0.596;0.535;0.633;0.498;0.425;0.411;0.472;0.721;0.496;0.576;0.528;0.665;0.546
85.12;2;5;7;5;4;4;0;3;4;18;12;1;2;1;1;1;0.189;0.714;0.935;0.575;0.057;0.566;0.405;0.555;0.676;0.550;0.451;0.596;0.535;0.633;0.498;0.425;0.411;0.472;0.721;0.496;0.576;0.528;0.665;0.546
86.13;2;5;7;5;4;4;0;3;4;18;12;1;2;1;1;1;0.189;0.714;0.935;0.575;0.057;0.566;0.405;0.555;0.676;0.550;0.451;0.596;0.535;0.633;0.498;0.425;0.411;0.472;0.721;0.496;0.576;0.528;0.665;0.546
87.13;2;5;7;5;4;4;0;3;4;18;12;1;2;1;1;1;0.189;0.714;0.935;0.575;0.057;0.566;0.405;0.555;0.676;0.550;0.451;0.596;0.535;0.633;0.498;0.425;0.411;0.472;0.721;0.496;0.576;0.528;0.665;0.546
88.13;2;5;7;5;4;4;0;3;4;19;12;1;2;1;1;1;0.189;0.714;0.935;0.575;0.057;0.566;0.405;0.555;0.676;0.550;0.451;0.596;0.535;0.633;0.498;0.425;0.411;0.472;0.721;0.496;0.576;0.528;0.665;0.546
89.13;2;5;7;5;4;4;0;3;4;19;12;1;2;1;1;1;0.189;0.714;0.935;0.575;0.057;0.566;0.405;0.555;0.676;0.550;0.451;0.596;0.535;0.633;0.498;0.425;0.411;0.472;0.721;0.496;0.576;0.528;0.665;0.546
90.13;2;5;7;5;4;4;0;3;4;19;12;1;2;1;1;1;0.189;0.714;0.935;0.575;0.057;0.566;0.405;0.555;0.676;0.550;0.451;0.596;0.535;0.633;0.498;0.425;0.411;0.472;0.721;0.496;0.576;0.528;0.665;0.546
91.13;2;5;7;5;4;4;0;3;4;19;13;1;2;1;1;1;0.189;0.714;0.935;0.575;0.057;0.566;0.405;0.555;0.676;0.550;0.451;0.596;0.535;0.633;0.498;0.425;0.411;0.472;0.721;0.496;0.576;0.528;0.665;0.546
92.14;2;5;7;5;4;4;0;3;4;19;13;1;2;1;1;1;0.189;0.714;0.935;0.575;0.057;0.566;0.405;0.555;0.676;0.550;0.451;0.596;0.535;0.633;0.498;0.425;0.411;0.472;0.721;0.496;0.576;0.528;0.665;0.546
93.14;2;5;7;5;4;4;0;3;4;19;13;1;2;1;1;1;0.189;0.714;0.935;0.575;0.057;0.566;0.405;0.555;0.676;0.550;0.451;0.596;0.535;0.633;0.498;0.425;0.411;0.472;0.721;0.496;0.576;0.528;0.665;0.546
94.14;2;5;6;5;5;4;1;3;4;19;14;1;2;1;1;1;0.189;0.714;0.935;0.575;0.057;0.566;0.405;0.555;0.676;0.550;0.451;0.596;0.500;0.588;0.562;0.403;0.363;0.543;0.721;0.496;0.576;0.528;0.665;0.546
95.15;2;5;6;5;5;4;1;3;4;20;14;1;2;1;1;1;0.189;0.714;0.935;0.575;0.057;0.566;0.405;0.555;0.676;0.550;0.451;0.596;0.500;0.588;0.562;0.403;0.363;0.543;0.721;0.496;0.576;0.528;0.665;0.546
96.15;2;5;6;5;5;4;1;3;4;20;14;1;2;1;1;1;0.189;0.714;0.935;0.575;0.057;0.566;0.405;0.555;0.676;0.550;0.451;0.596;0.500;0.588;0.562;0.403;0.363;0.543;0.721;0.496;0.576;0.528;0.665;0.546
97.15;2;4;6;5;6;5;1;3;5;20;14;1;2;1;1;1;0.189;0.714;0.935;0.575;0.057;0.566;0.435;0.528;0.801;0.493;0.420;0.507;0.500;0.588;0.562;0.403;0.363;0.543;0.721;0.496;0.576;0.528;0.665;0.546
98.15;2;4;6;5;6;5;1;3;5;20;15;1;2;1;1;1;0.189;0.714;0.935;0.575;0.057;0.566;0.435;0.528;0.801;0.493;0.420;0.507;0.500;0.588;0.562;0.403;0.363;0.543;0.721;0.496;0.576;0.528;0.665;0.546
99.15;2;4;6;5;6;5;1;3;5;20;15;1;2;1;1;1;0.189;0.714;0.935;0.575;0.057;0.566;0.435;0.528;0.801;0.493;0.420;0.507;0.500;0.588;0.562;0.403;0.363;0.543;0.721;0.496;0.576;0.528;0.665;0.546
100.16;2;3;6;5;7;6;1;3;6;20;15;1;2;1;1;1;0.189;0.714;0.935;0.575;0.057;0.566;0.305;0.451;0.879;0.499;0.545;0.424;0.500;0.588;0.562;0.403;0.363;0.543;0.721;0.496;0.576;0.528;0.665;0.546
101.16;2;3;6;5;7;6;1;3;6;20;16;1;2;1;1;1;0.189;0.714;0.935;0.575;0.057;0.566;0.305;0.451;0.879;0.499;0.545;0.424;0.500;0.588;0.562;0.403;0.363;0.543;0.721;0.496;0.576;0.528;0.665;0.546
102.16;2;3;6;5;7;6;1;3;6;20;16;1;2;1;1;1;0.189;0.714;0.935;0.575;0.057;0.566;0.305;0.451;0.879;0.499;0.545;0.424;0.500;0.588;0.562;0.403;0.363;0.543;0.721;0.496;0.576;0.528;0.665;0.546
103.16;2;3;6;5;7;6;1;3;6;20;17;1;2;1;1;1;0.189;0.714;0.935;0.575;0.057;0.566;0.305;0.451;0.879;0.499;0.545;0.424;0.500;0.588;0.562;0.403;0.363;0.543;0.721;0.496;0.576;0.528;0.665;0.546
104.16;2;3;7;5;7;6;1;4;6;20;18;1;3;2;1;1;0.189;0.714;0.935;0.575;0.057;0.566;0.305;0.451;0.879;0.499;0.545;0.424;0.529;0.614;0.580;0.423;0.412;0.481;0.721;0.496;0.576;0.528;0.665;0.546
105.16;2;3;7;5;7;6;1;4;6;20;19;1;3;2;1;1;0.189;0.714;0.935;0.575;0.057;0.566;0.305;0.451;0.879;0.499;0.545;0.424;0.529;0.614;0.580;0.423;0.412;0.481;0.721;0.496;0.576;0.528;0.665;0.546
106.17;2;3;7;5;7;6;1;4;6;20;19;1;3;2;1;1;0.189;0.714;0.935;0.575;0.057;0.566;0.305;0.451;0.879;0.499;0.545;0.424;0.529;0.614;0.580;0.423;0.412;0.481;0.721;0.496;0.576;0.528;0.665;0.546
107.17;2;3;7;5;7;6;1;4;6;20;19;1;3;2;1;1;0.189;0.714;0.935;0.575;0.057;0.566;0.305;0.451;0.879;0.499;0.545;0.424;0.529;0.614;0.580;0.423;0.412;0.481;0.721;0.496;0.576;0.528;0.665;0.546
108.17;2;3;7;5;7;6;1;4;6;20;19;1;3;2;1;1;0.189;0.714;0.935;0.575;0.057;0.566;0.305;0.451;0.879;0.499;0.545;0.424;0.529;0.614;0.580;0.423;0.412;0.481;0.721;0.496;0.576;0.528;0.665;0.546
109.17;2;3;7;5;7;6;1;4;6;20;19;1;3;2;1;1;0.189;0.714;0.935;0.575;0.057;0.566;0.305;0.451;0.879;0.499;0.545;0.424;0.529;0.614;0.580;0.423;0.412;0.481;0.721;0.496;0.576;0.528;0.665;0.546
110.17;2;4;7;5;7;6;1;5;6;20;19;1;3;2;1;1;0.189;0.714;0.935;0.575;0.057;0.566;0.231;0.434;0.909;0.518;0.573;0.460;0.529;0.614;0.580;0.423;0.412;0.481;0.721;0.496;0.576;0.528;0.665;0.546
111.17;2;4;7;5;7;6;1;5;6;21;19;1;3;2;1;1;0.189;0.714;0.935;0.575;0.057;0.566;0.231;0.434;0.909;0.518;0.573;0.460;0.529;0.614;0.580;0.423;0.412;0.481;0.721;0.496;0.576;0.528;0.665;0.546
112.17;2;4;7;5;7;6;1;5;6;21;19;1;3;2;1;1;0.189;0.714;0.935;0.575;0.057;0.566;0.231;0.434;0.909;0.518;0.573;0.460;0.529;0.614;0.580;0.423;0.412;0.481;0.721;0.496;0.576;0.528;0.665;0.546
113.18;2;4;7;5;7;6;1;5;6;21;19;1;3;2;1;1;0.189;0.714;0.935;0.575;0.057;0.566;0.231;0.434;0.909;0.518;0.573;0.460;0.529;0.614;0.580;0.423;0.412;0.481;0.721;0.496;0.576;0.528;0.665;0.546
114.18;2;4;7;5;7;6;1;5;6;21;19;1;3;2;1;1;0.189;0.714;0.935;0.575;0.057;0.566;0.231;0.434;0.909;0.518;0.573;0.460;0.529;0.614;0.580;0.423;0.412;0.481;0.721;0.496;0.576;0.528;0.665;0.546
115.18;2;4;7;5;7;6;1;5;6;21;19;1;3;2;1;1;0.189;0.714;0.935;0.575;0.057;0.566;0.231;0.434;0.909;0.518;0.573;0.460;0.529;0.614;0.580;0.423;0.412;0.481;0.721;0.496;0.576;0.528;0.665;0.546
116.18;2;4;7;5;7;6;1;5;6;23;19;1;3;2;1;1;0.189;0.714;0.935;0.575;0.057;0.566;0.231;0.434;0.909;0.518;0.573;0.460;0.529;0.614;0.580;0.423;0.412;0.481;0.721;0.496;0.576;0.528;0.665;0.546
117.18;2;4;7;5;7;6;1;5;6;23;19;1;3;2;1;1;0.189;0.714;0.935;0.575;0.057;0.566;0.231;0.434;0.909;0.518;0.573;0.460;0.529;0.614;0.580;0.423;0.412;0.481;0.721;0.496;0.576;0.528;0.665;0.546
118.19;2;4;7;5;7;6;1;5;6;23;19;1;3;2;1;1;0.189;0.714;0.935;0.575;0.057;0.566;0.231;0.434;0.909;0.518;0.573;0.460;0.529;0.614;0.580;0.423;0.412;0.481;0.721;0.496;0.576;0.528;0.665;0.546
119.19;2;4;8;5;7;6;1;6;6;24;19;1;3;2;1;1;0.189;0.714;0.935;0.575;0.057;0.566;0.231;0.434;0.909;0.518;0.573;0.460;0.549;0.596;0.565;0.488;0.477;0.451;0.721;0.496;0.576;0.528;0.665;0.546
120.19;2;4;8;5;7;6;1;6;6;24;19;1;3;2;1;1;0.189;0.714;0.935;0.575;0.057;0.566;0.231;0.434;0.909;0.518;0.573;0.460;0.549;0.596;0.565;0.488;0.477;0.451;0.721;0.496;0.576;0.528;0.665;0.546
121.19;2;4;8;5;7;6;1;6;6;24;19;1;3;2;1;1;0.189;0.714;0.935;0.575;0.057;0.566;0.231;0.434;0.909;0.518;0.573;0.460;0.549;0.596;0.565;0.488;0.477;0.451;0.721;0.496;0.576;0.528;0.665;0.546
122.19;2;4;8;5;7;6;1;6;6;24;19;1;3;2;1;1;0.189;0.714;0.935;0.575;0.057;0.566;0.231;0.434;0.909;0.518;0.573;0.460;0.549;0.596;0.565;0.488;0.477;0.451;0.721;0.496;0.576;0.528;0.665;0.546
123.20;2;4;8;5;7;6;1;6;6;24;19;1;3;2;1;1;0.189;0.714;0.935;0.575;0.057;0.566;0.231;0.434;0.909;0.518;0.573;0.460;0.549;0.596;0.565;0.488;0.477;0.451;0.721;0.496;0.576;0.528;0.665;0.546
124.20;2;4;8;4;8;6;2;6;6;24;20;1;3;2;1;1;0.189;0.714;0.935;0.575;0.057;0.566;0.231;0.434;0.909;0.518;0.573;0.460;0.549;0.596;0.565;0.488;0.477;0.451;0.770;0.462;0.555;0.655;0.662;0.439
125.20;2;4;8;4;8;6;2;6;6;24;20;1;3;2;1;1;0.189;0.714;0.935;0.575;0.057;0.566;0.231;0.434;0.909;0.518;0.573;0.460;0.549;0.596;0.565;0.488;0.477;0.451;0.770;0.462;0.555;0.655;0.662;0.439
126.21;2;4;7;4;9;6;3;6;6;25;20;1;3;2;1;1;0.189;0.714;0.935;0.575;0.057;0.566;0.231;0.434;0.909;0.518;0.573;0.460;0.492;0.552;0.584;0.488;0.503;0.493;0.770;0.462;0.555;0.655;0.662;0.439
127.21;2;4;7;4;9;6;3;6;6;25;20;1;3;2;1;1;0.189;0.714;0.935;0.575;0.057;0.566;0.231;0.434;0.909;0.518;0.573;0.460;0.492;0.552;0.584;0.488;0.503;0.493;0.770;0.462;0.555;0.655;0.662;0.439
128.21;2;4;7;4;9;6;3;6;6;25;20;1;3;2;1;1;0.189;0.714;0.935;0.575;0.057;0.566;0.231;0.434;0.909;0.518;0.573;0.460;0.492;0.552;0.584;0.488;0.503;0.493;0.770;0.462;0.555;0.655;0.662;0.439
129.21;2;4;7;4;9;6;3;6;6;25;20;1;3;2;1;1;0.189;0.714;0.935;0.575;0.057;0.566;0.231;0.434;0.909;0.518;0.573;0.460;0.492;0.552;0.584;0.488;0.503;0.493;0.770;0.462;0.555;0.655;0.662;0.439
130.21;2;4;7;4;9;6;3;6;6;25;20;1;3;2;1;1;0.189;0.714;0.935;0.575;0.057;0.566;0.231;0.434;0.909;0.518;0.573;0.460;0.492;0.552;0.584;0.488;0.503;0.493;0.770;0.462;0.555;0.655;0.662;0.439
131.22;2;5;7;4;9;6;3;7;6;25;21;1;3;2;1;1;0.189;0.714;0.935;0.575;0.057;0.566;0.258;0.504;0.927;0.529;0.552;0.481;0.492;0.552;0.584;0.488;0.503;0.493;0.770;0.462;0.555;0.655;0.662;0.439
132.22;2;4;7;3;11;7;4;7;7;25;21;1;3;2;1;1;0.189;0.714;0.935;0.575;0.057;0.566;0.231;0.470;0.940;0.579;0.573;0.520;0.492;0.552;0.584;0.488;0.503;0.493;0.710;0.458;0.597;0.713;0.571;0.534
133.22;2;4;7;3;11;7;4;7;7;26;22;1;3;2;1;1;0.189;0.714;0.935;0.575;0.057;0.566;0.231;0.470;0.940;0.579;0.573;0.520;0.492;0.552;0.584;0.488;0.503;0.493;0.710;0.458;0.597;0.713;0.571;0.534
134.22;2;4;7;3;11;7;4;7;7;26;22;1;3;2;1;1;0.189;0.714;0.935;0.575;0.057;0.566;0.231;0.470;0.940;0.579;0.573;0.520;0.492;0.552;0.584;0.488;0.503;0.493;0.710;0.458;0.597;0.713;0.571;0.534
135.22;2;4;7;3;11;7;4;7;7;26;22;1;3;2;1;1;0.189;0.714;0.935;0.575;0.057;0.566;0.231;0.470;0.940;0.579;0.573;0.520;0.492;0.552;0.584;0.488;0.503;0.493;0.710;0.458;0.597;0.713;0.571;0.534
136.22;2;4;7;3;11;7;4;7;7;26;22;1;3;2;1;1;0.189;0.714;0.935;0.575;0.057;0.566;0.231;0.470;0.940;0.579;0.573;0.520;0.492;0.552;0.584;0.488;0.503;0.493;0.710;0.458;0.597;0.713;0.571;0.534
137.22;2;4;7;3;11;7;4;7;7;26;22;1;3;2;1;1;0.189;0.714;0.935;0.575;0.057;0.566;0.231;0.470;0.940;0.579;0.573;0.520;0.492;0.552;0.584;0.488;0.503;0.493;0.710;0.458;0.597;0.713;0.571;0.534
138.23;2;4;7;3;11;7;4;7;7;26;22;1;3;2;1;1;0.189;0.714;0.935;0.575;0.057;0.566;0.231;0.470;0.940;0.579;0.573;0.520;0.492;0.552;0.584;0.488;0.503;0.493;0.710;0.458;0.597;0.713;0.571;0.534
139.23;2;4;7;3;11;7;4;7;7;26;23;1;3;2;1;1;0.189;0.714;0.935;0.575;0.057;0.566;0.231;0.470;0.940;0.579;0.573;0.520;0.492;0.552;0.584;0.488;0.503;0.493;0.710;0.458;0.597;0.713;0.571;0.534
140.23;2;4;7;3;11;7;4;7;7;26;23;1;3;2;1;1;0.189;0.714;0.935;0.575;0.057;0.566;0.231;0.470;0.940;0.579;0.573;0.520;0.492;0.552;0.584;0.488;0.503;0.493;0.710;0.458;0.597;0.713;0.571;0.534
141.23;2;4;6;3;12;7;5;7;7;26;23;1;3;2;1;1;0.189;0.714;0.935;0.575;0.057;0.566;0.231;0.470;0.940;0.579;0.573;0.520;0.561;0.484;0.582;0.546;0.539;0.431;0.710;0.458;0.597;0.713;0.571;0.534
142.23;2;4;6;4;12;7;5;8;7;26;23;1;3;2;1;1;0.189;0.714;0.935;0.575;0.057;0.566;0.231;0.470;0.940;0.579;0.573;0.520;0.561;0.484;0.582;0.546;0.539;0.431;0.653;0.483;0.637;0.609;0.537;0.533
143.24;2;4;6;4;12;7;5;8;7;26;23;1;3;2;1;1;0.189;0.714;0.935;0.575;0.057;0.566;0.231;0.470;0.940;0.579;0.573;0.520;0.561;0.484;0.582;0.546;0.539;0.431;0.653;0.483;0.637;0.609;0.537;0.533
144.24;2;4;6;4;12;7;5;8;7;26;24;1;3;2;1;1;0.189;0.714;0.935;0.575;0.057;0.566;0.231;0.470;0.940;0.579;0.573;0.520;0.561;0.484;0.582;0.546;0.539;0.431;0.653;0.483;0.637;0.609;0.537;0.533
145.24;2;4;6;4;12;7;5;8;7;26;25;1;3;2;1;1;0.189;0.714;0.935;0.575;0.057;0.566;0.231;0.470;0.940;0.579;0.573;0.520;0.561;0.484;0.582;0.546;0.539;0.431;0.653;0.483;0.637;0.609;0.537;0.533
146.24;2;4;6;4;12;7;5;8;7;26;25;1;3;2;1;1;0.189;0.714;0.935;0.575;0.057;0.566;0.231;0.470;0.940;0.579;0.573;0.520;0.561;0.484;0.582;0.546;0.539;0.431;0.653;0.483;0.637;0.609;0.537;0.533
147.24;2;5;6;4;12;7;5;9;7;26;25;2;4;3;1;1;0.189;0.714;0.935;0.575;0.057;0.566;0.264;0.514;0.920;0.551;0.582;0.530;0.561;0.484;0.582;0.546;0.539;0.431;0.653;0.483;0.637;0.609;0.537;0.533
148.25;2;5;6;4;12;7;5;9;7;26;25;2;4;3;1;1;0.189;0.714;0.935;0.575;0.057;0.566;0.264;0.514;0.920;0.551;0.582;0.530;0.561;0.484;0.582;0.546;0.539;0.431;0.653;0.483;0.637;0.609;0.537;0.533
149.25;2;5;6;4;12;7;5;9;7;26;25;2;4;3;1;1;0.189;0.714;0.935;0.575;0.057;0.566;0.264;0.514;0.920;0.551;0.582;0.530;0.561;0.484;0.582;0.546;0.539;0.431;0.653;0.483;0.637;0.609;0.537;0.533
150.25;2;5;6;4;12;7;5;9;7;26;25;2;4;3;1;1;0.189;0.714;0.935;0.575;0.057;0.566;0.264;0.514;0.920;0.551;0.582;0.530;0.561;0.484;0.582;0.546;0.539;0.431;0.653;0.483;0.637;0.609;0.537;0.533
151.25;2;5;6;4;12;7;5;9;7;26;25;2;4;3;1;1;0.189;0.714;0.935;0.575;0.057;0.566;0.264;0.514;0.920;0.551;0.582;0.530;0.561;0.484;0.582;0.546;0.539;0.431;0.653;0.483;0.637;0.609;0.537;0.533
152.26;2;5;6;4;12;7;5;9;7;27;25;2;4;3;1;1;0.189;0.714;0.935;0.575;0.057;0.566;0.264;0.514;0.920;0.551;0.582;0.530;0.561;0.484;0.582;0.546;0.539;0.431;0.653;0.483;0.637;0.609;0.537;0.533
153.26;2;5;6;4;12;7;5;9;7;28;25;2;4;3;1;1;0.189;0.714;0.935;0.575;0.057;0.566;0.264;0.514;0.920;0.551;0.582;0.530;0.561;0.484;0.582;0.546;0.539;0.431;0.653;0.483;0.637;0.609;0.537;0.533
154.26;2;5;6;4;12;7;5;9;7;29;25;2;4;3;1;1;0.189;0.714;0.935;0.575;0.057;0.566;0.264;0.514;0.920;0.551;0.582;0.530;0.561;0.484;0.582;0.546;0.539;0.431;0.653;0.483;0.637;0.609;0.537;0.533
155.26;2;5;6;4;12;7;5;9;7;29;25;2;4;3;1;1;0.189;0.714;0.935;0.575;0.057;0.566;0.264;0.514;0.920;0.551;0.582;0.530;0.561;0.484;0.582;0.546;0.539;0.431;0.653;0.483;0.637;0.609;0.537;0.533
156.27;2;5;5;4;13;7;6;9;7;29;25;2;4;3;1;1;0.189;0.714;0.935;0.575;0.057;0.566;0.264;0.514;0.920;0.551;0.582;0.530;0.474;0.507;0.607;0.646;0.513;0.333;0.653;0.483;0.637;0.609;0.537;0.533
157.27;2;5;5;4;13;7;6;9;7;29;25;2;4;3;1;1;0.189;0.714;0.935;0.575;0.057;0.566;0.264;0.514;0.920;0.551;0.582;0.530;0.474;0.507;0.607;0.646;0.513;0.333;0.653;0.483;0.637;0.609;0.537;0.533
158.27;2;5;5;4;13;7;6;9;7;29;26;2;4;3;1;1;0.189;0.714;0.935;0.575;0.057;0.566;0.264;0.514;0.920;0.551;0.582;0.530;0.474;0.507;0.607;0.646;0.513;0.333;0.653;0.483;0.637;0.609;0.537;0.533
159.27;2;5;5;4;13;7;6;9;7;29;26;2;4;3;1;1;0.189;0.714;0.935;0.575;0.057;0.566;0.264;0.514;0.920;0.551;0.582;0.530;0.474;0.507;0.607;0.646;0.513;0.333;0.653;0.483;0.637;0.609;0.537;0.533
160.27;2;5;5;4;13;7;6;9;7;29;26;2;4;3;1;1;0.189;0.714;0.935;0.575;0.057;0.566;0.264;0.514;0.920;0.551;0.582;0.530;0.474;0.507;0.607;0.646;0.513;0.333;0.653;0.483;0.637;0.609;0.537;0.533
161.28;2;5;5;4;13;7;6;9;7;29;26;2;4;3;1;1;0.189;0.714;0.935;0.575;0.057;0.566;0.264;0.514;0.920;0.551;0.582;0.530;0.474;0.507;0.607;0.646;0.513;0.333;0.653;0.483;0.637;0.609;0.537;0.533
162.28;2;5;5;4;13;7;6;9;7;29;26;2;4;3;1;1;0.189;0.714;0.935;0.575;0.057;0.566;0.264;0.514;0.920;0.551;0.582;0.530;0.474;0.507;0.607;0.646;0.513;0.333;0.653;0.483;0.637;0.609;0.537;0.533
163.28;3;5;5;4;13;7;6;10;7;29;26;2;4;3;1;1;0.248;0.603;0.914;0.625;0.057;0.566;0.264;0.514;0.920;0.551;0.582;0.530;0.474;0.507;0.607;0.646;0.513;0.333;0.653;0.483;0.637;0.609;0.537;0.533
164.28;3;5;5;4;13;7;6;10;7;29;26;2;4;3;1;1;0.248;0.603;0.914;0.625;0.057;0.566;0.264;0.514;0.920;0.551;0.582;0.530;0.474;0.507;0.607;0.646;0.513;0.333;0.653;0.483;0.637;0.609;0.537;0.533
165.28;3;5;5;3;14;7;7;10;7;29;26;2;4;3;1;1;0.248;0.603;0.914;0.625;0.057;0.566;0.264;0.514;0.920;0.551;0.582;0.530;0.474;0.507;0.607;0.646;0.513;0.333;0.553;0.529;0.702;0.488;0.601;0.433
166.28;3;5;5;3;14;7;7;10;7;29;26;2;4;3;1;1;0.248;0.603;0.914;0.625;0.057;0.566;0.264;0.514;0.920;0.551;0.582;0.530;0.474;0.507;0.607;0.646;0.513;0.333;0.553;0.529;0.702;0.488;0.601;0.433
167.29;3;5;4;3;15;7;8;10;7;29;26;2;4;3;1;1;0.248;0.603;0.914;0.625;0.057;0.566;0.264;0.514;0.920;0.551;0.582;0.530;0.416;0.442;0.587;0.671;0.465;0.389;0.553;0.529;0.702;0.488;0.601;0.433
168.29;3;5;4;3;15;7;8;10;7;29;26;2;4;3;1;1;0.248;0.603;0.914;0.625;0.057;0.566;0.264;0.514;0.920;0.551;0.582;0.530;0.416;0.442;0.587;0.671;0.465;0.389;0.553;0.529;0.702;0.488;0.601;0.433
169.29;3;5;4;3;15;7;8;10;7;29;26;2;4;3;1;1;0.248;0.603;0.914;0.625;0.057;0.566;0.264;0.514;0.920;0.551;0.582;0.530;0.416;0.442;0.587;0.671;0.465;0.389;0.553;0.529;0.702;0.488;0.601;0.433
170.29;3;5;4;3;15;7;8;10;7;29;26;2;4;3;1;1;0.248;0.603;0.914;0.625;0.057;0.566;0.264;0.514;0.920;0.551;0.582;0.530;0.416;0.442;0.587;0.671;0.465;0.389;0.553;0.529;0.702;0.488;0.601;0.433
171.29;3;5;4;3;15;7;8;10;7;29;27;2;4;3;1;1;0.248;0.603;0.914;0.625;0.057;0.566;0.264;0.514;0.920;0.551;0.582;0.530;0.416;0.442;0.587;0.671;0.465;0.389;0.553;0.529;0.702;0.488;0.601;0.433
172.29;3;5;4;3;15;7;8;10;7;29;27;2;4;3;1;1;0.248;0.603;0.914;0.625;0.057;0.566;0.264;0.514;0.920;0.551;0.582;0.530;0.416;0.442;0.587;0.671;0.465;0.389;0.553;0.529;0.702;0.488;0.601;0.433
173.29;3;5;4;3;15;7;8;10;7;29;27;2;4;3;1;1;0.248;0.603;0.914;0.625;0.057;0.566;0.264;0.514;0.920;0.551;0.582;0.530;0.416;0.442;0.587;0.671;0.465;0.389;0.553;0.529;0.702;0.488;0.601;0.433
174.30;3;5;4;3;15;7;8;10;7;30;28;2;4;3;1;1;0.248;0.603;0.914;0.625;0.057;0.566;0.264;0.514;0.920;0.551;0.582;0.530;0.416;0.442;0.587;0.671;0.465;0.389;0.553;0.529;0.702;0.488;0.601;0.433
175.30;3;5;4;3;15;7;8;10;7;31;28;2;4;3;1;1;0.248;0.603;0.914;0.625;0.057;0.566;0.264;0.514;0.920;0.551;0.582;0.530;0.416;0.442;0.587;0.671;0.465;0.389;0.553;0.529;0.702;0.488;0.601;0.433
176.30;3;5;4;3;15;7;8;10;7;31;28;2;4;3;1;1;0.248;0.603;0.914;0.625;0.057;0.566;0.264;0.514;0.920;0.551;0.582;0.530;0.416;0.442;0.587;0.671;0.465;0.389;0.553;0.529;0.702;0.488;0.601;0.433
177.30;3;5;4;3;15;7;8;10;7;31;28;2;4;3;1;1;0.248;0.603;0.914;0.625;0.057;0.566;0.264;0.514;0.920;0.551;0.582;0.530;0.416;0.442;0.587;0.671;0.465;0.389;0.553;0.529;0.702;0.488;0.601;0.433
178.31;3;5;4;3;15;7;8;10;7;31;28;2;4;3;1;1;0.248;0.603;0.914;0.625;0.057;0.566;0.264;0.514;0.920;0.551;0.582;0.530;0.416;0.442;0.587;0.671;0.465;0.389;0.553;0.529;0.702;0.488;0.601;0.433
179.31;3;5;4;3;15;7;8;10;7;32;28;2;4;3;1;1;0.248;0.603;0.914;0.625;0.057;0.566;0.264;0.514;0.920;0.551;0.582;0.530;0.416;0.442;0.587;0.671;0.465;0.389;0.553;0.529;0.702;0.488;0.601;0.433
180.31;3;5;4;3;15;7;8;10;7;32;28;2;4;3;1;1;0.248;0.603;0.914;0.625;0.057;0.566;0.264;0.514;0.920;0.551;0.582;0.530;0.416;0.442;0.587;0.671;0.465;0.389;0.553;0.529;0.702;0.488;0.601;0.433
181.31;3;5;4;3;15;7;8;10;7;32;29;2;4;3;1;1;0.248;0.603;0.914;0.625;0.057;0.566;0.264;0.514;0.920;0.551;0.582;0.530;0.416;0.442;0.587;0.671;0.465;0.389;0.553;0.529;0.702;0.488;0.601;0.433
182.31;3;5;4;3;15;7;8;10;7;32;29;2;4;3;1;1;0.248;0.603;0.914;0.625;0.057;0.566;0.264;0.514;0.920;0.551;0.582;0.530;0.416;0.442;0.587;0.671;0.465;0.389;0.553;0.529;0.702;0.488;0.601;0.433
183.32;3;5;4;3;15;7;8;10;7;32;29;2;4;3;1;1;0.248;0.603;0.914;0.625;0.057;0.566;0.264;0.514;0.920;0.551;0.582;0.530;0.416;0.442;0.587;0.671;0.465;0.389;0.553;0.529;0.702;0.488;0.601;0.433
184.32;3;5;4;2;16;7;9;10;7;32;29;2;4;3;1;1;0.248;0.603;0.914;0.625;0.057;0.566;0.264;0.514;0.920;0.551;0.582;0.530;0.416;0.442;0.587;0.671;0.465;0.389;0.484;0.557;0.715;0.429;0.435;0.531
185.32;3;5;3;2;17;7;10;10;7;32;29;2;4;3;1;1;0.248;0.603;0.914;0.625;0.057;0.566;0.264;0.514;0.920;0.551;0.582;0.530;0.324;0.432;0.629;0.582;0.309;0.440;0.484;0.557;0.715;0.429;0.435;0.531
186.32;3;6;3;2;17;7;10;11;7;32;29;2;5;4;1;1;0.248;0.603;0.914;0.625;0.057;0.566;0.228;0.544;0.911;0.487;0.565;0.552;0.324;0.432;0.629;0.582;0.309;0.440;0.484;0.557;0.715;0.429;0.435;0.531
187.32;3;6;3;2;17;7;10;11;7;32;29;2;5;4;1;1;0.248;0.603;0.914;0.625;0.057;0.566;0.228;0.544;0.911;0.487;0.565;0.552;0.324;0.432;0.629;0.582;0.309;0.440;0.484;0.557;0.715;0.429;0.435;0.531
188.32;3;6;3;2;17;7;10;11;7;34;29;2;5;4;1;1;0.248;0.603;0.914;0.625;0.057;0.566;0.228;0.544;0.911;0.487;0.565;0.552;0.324;0.432;0.629;0.582;0.309;0.440;0.484;0.557;0.715;0.429;0.435;0.531
189.32;3;6;3;2;17;7;10;11;7;36;29;2;5;4;1;1;0.248;0.603;0.914;0.625;0.057;0.566;0.228;0.544;0.911;0.487;0.565;0.552;0.324;0.432;0.629;0.582;0.309;0.440;0.484;0.557;0.715;0.429;0.435;0.531
190.32;3;6;3;2;17;7;10;11;7;36;29;2;5;4;1;1;0.248;0.603;0.914;0.625;0.057;0.566;0.228;0.544;0.911;0.487;0.565;0.552;0.324;0.432;0.629;0.582;0.309;0.440;0.484;0.557;0.715;0.429;0.435;0.531
191.32;3;6;3;2;17;7;10;11;7;36;29;2;5;4;1;1;0.248;0.603;0.914;0.625;0.057;0.566;0.228;0.544;0.911;0.487;0.565;0.552;0.324;0.432;0.629;0.582;0.309;0.440;0.484;0.557;0.715;0.429;0.435;0.531
192.33;3;6;3;2;17;7;10;11;7;37;29;2;5;4;1;1;0.248;0.603;0.914;0.625;0.057;0.566;0.228;0.544;0.911;0.487;0.565;0.552;0.324;0.432;0.629;0.582;0.309;0.440;0.484;0.557;0.715;0.429;0.435;0.531
193.33;3;6;3;2;17;7;10;11;7;37;29;2;5;4;1;1;0.248;0.603;0.914;0.625;0.057;0.566;0.228;0.544;0.911;0.487;0.565;0.552;0.324;0.432;0.629;0.582;0.309;0.440;0.484;0.557;0.715;0.429;0.435;0.531
194.33;3;6;3;2;17;7;10;11;7;37;29;2;5;4;1;1;0.248;0.603;0.914;0.625;0.057;0.566;0.228;0.544;0.911;0.487;0.565;0.552;0.324;0.432;0.629;0.582;0.309;0.440;0.484;0.557;0.715;0.429;0.435;0.531
195.33;3;6;3;2;17;7;10;11;7;37;29;2;5;4;1;1;0.248;0.603;0.914;0.625;0.057;0.566;0.228;0.544;0.911;0.487;0.565;0.552;0.324;0.432;0.629;0.582;0.309;0.440;0.484;0.557;0.715;0.429;0.435;0.531
196.34;3;6;3;2;17;7;10;11;7;37;30;2;5;4;1;1;0.248;0.603;0.914;0.625;0.057;0.566;0.228;0.544;0.911;0.487;0.565;0.552;0.324;0.432;0.629;0.582;0.309;0.440;0.484;0.557;0.715;0.429;0.435;0.531
197.34;3;6;3;2;17;7;10;11;7;37;30;2;5;4;1;1;0.248;0.603;0.914;0.625;0.057;0.566;0.228;0.544;0.911;0.487;0.565;0.552;0.324;0.432;0.629;0.582;0.309;0.440;0.484;0.557;0.715;0.429;0.435;0.531
198.34;3;6;3;2;17;7;10;11;7;37;30;2;5;4;1;1;0.248;0.603;0.914;0.625;0.057;0.566;0.228;0.544;0.911;0.487;0.565;0.552;0.324;0.432;0.629;0.582;0.309;0.440;0.484;0.557;0.715;0.429;0.435;0.531
199.34;3;6;3;2;17;7;10;11;7;37;31;2;5;4;1;1;0.248;0.603;0.914;0.625;0.057;0.566;0.228;0.544;0.911;0.487;0.565;0.552;0.324;0.432;0.629;0.582;0.309;0.440;0.484;0.557;0.715;0.429;0.435;0.531
200.34;3;6;3;2;17;7;10;11;7;37;32;2;5;4;1;1;0.248;0.603;0.914;0.625;0.057;0.566;0.228;0.544;0.911;0.487;0.565;0.552;0.324;0.432;0.629;0.582;0.309;0.440;0.484;0.557;0.715;0.429;0.435;0.531
201.34;3;6;3;2;17;7;10;11;7;37;32;2;5;4;1;1;0.248;0.603;0.914;0.625;0.057;0.566;0.228;0.544;0.911;0.487;0.565;0.552;0.324;0.432;0.629;0.582;0.309;0.440;0.484;0.557;0.715;0.429;0.435;0.531
202.34;3;6;3;2;17;7;10;11;7;37;32;2;5;4;1;1;0.248;0.603;0.914;0.625;0.057;0.566;0.228;0.544;0.911;0.487;0.565;0.552;0.324;0.432;0.629;0.582;0.309;0.440;0.484;0.557;0.715;0.429;0.435;0.531
203.35;3;6;3;2;17;7;10;11;7;37;33;2;5;4;1;1;0.248;0.603;0.914;0.625;0.057;0.566;0.228;0.544;0.911;0.487;0.565;0.552;0.324;0.432;0.629;0.582;0.309;0.440;0.484;0.557;0.715;0.429;0.435;0.531
204.35;3;6;3;2;17;7;10;11;7;37;34;2;5;4;1;1;0.248;0.603;0.914;0.625;0.057;0.566;0.228;0.544;0.911;0.487;0.565;0.552;0.324;0.432;0.629;0.582;0.309;0.440;0.484;0.557;0.715;0.429;0.435;0.531
205.35;3;6;2;2;18;7;11;11;7;37;35;2;5;4;1;1;0.248;0.603;0.914;0.625;0.057;0.566;0.228;0.544;0.911;0.487;0.565;0.552;0.365;0.480;0.608;0.618;0.347;0.419;0.484;0.557;0.715;0.429;0.435;0.531
206.35;3;6;2;2;18;7;11;11;7;37;35;2;5;4;1;1;0.248;0.603;0.914;0.625;0.057;0.566;0.228;0.544;0.911;0.487;0.565;0.552;0.365;0.480;0.608;0.618;0.347;0.419;0.484;0.557;0.715;0.429;0.435;0.531
207.35;3;6;2;2;18;7;11;11;7;37;35;2;5;4;1;1;0.248;0.603;0.914;0.625;0.057;0.566;0.228;0.544;0.911;0.487;0.565;0.552;0.365;0.480;0.608;0.618;0.347;0.419;0.484;0.557;0.715;0.429;0.435;0.531
208.35;3;7;2;2;18;7;11;12;7;37;36;2;5;4;1;1;0.248;0.603;0.914;0.625;0.057;0.566;0.197;0.579;0.924;0.500;0.493;0.554;0.365;0.480;0.608;0.618;0.347;0.419;0.484;0.557;0.715;0.429;0.435;0.531
209.35;3;7;2;1;19;7;12;12;7;38;36;2;5;4;1;1;0.248;0.603;0.914;0.625;0.057;0.566;0.197;0.579;0.924;0.500;0.493;0.554;0.365;0.480;0.608;0.618;0.347;0.419;0.484;0.557;0.756;0.298;0.435;0.531
210.35;3;7;1;1;20;7;13;12;7;38;36;2;5;4;1;1;0.248;0.603;0.914;0.625;0.057;0.566;0.197;0.579;0.924;0.500;0.493;0.554;0.557;0.748;0.756;0.298;0.265;0.077;0.484;0.557;0.756;0.298;0.435;0.531
211.36;3;7;1;1;20;7;13;12;7;38;36;2;5;4;1;1;0.248;0.603;0.914;0.625;0.057;0.566;0.197;0.579;0.924;0.500;0.493;0.554;0.557;0.748;0.756;0.298;0.265;0.077;0.484;0.557;0.756;0.298;0.435;0.531
212.36;3;7;1;1;20;7;13;12;7;38;36;2;5;4;1;1;0.248;0.603;0.914;0.625;0.057;0.566;0.197;0.579;0.924;0.500;0.493;0.554;0.557;0.748;0.756;0.298;0.265;0.077;0.484;0.557;0.756;0.298;0.435;0.531
213.36;3;7;1;1;20;7;13;12;7;38;36;2;5;4;1;1;0.248;0.603;0.914;0.625;0.057;0.566;0.197;0.579;0.924;0.500;0.493;0.554;0.557;0.748;0.756;0.298;0.265;0.077;0.484;0.557;0.756;0.298;0.435;0.531
214.36;3;7;1;1;20;7;13;12;7;38;36;2;5;4;1;1;0.248;0.603;0.914;0.625;0.057;0.566;0.197;0.579;0.924;0.500;0.493;0.554;0.557;0.748;0.756;0.298;0.265;0.077;0.484;0.557;0.756;0.298;0.435;0.531
215.36;3;7;1;1;20;7;13;12;7;38;36;2;5;4;1;1;0.248;0.603;0.914;0.625;0.057;0.566;0.197;0.579;0.924;0.500;0.493;0.554;0.557;0.748;0.756;0.298;0.265;0.077;0.484;0.557;0.756;0.298;0.435;0.531
216.36;3;7;1;1;20;7;13;12;7;38;36;2;5;4;1;1;0.248;0.603;0.914;0.625;0.057;0.566;0.197;0.579;0.924;0.500;0.493;0.554;0.557;0.748;0.756;0.298;0.265;0.077;0.484;0.557;0.756;0.298;0.435;0.531
217.36;3;7;1;1;20;7;13;12;7;38;37;2;5;4;1;1;0.248;0.603;0.914;0.625;0.057;0.566;0.197;0.579;0.924;0.500;0.493;0.554;0.557;0.748;0.756;0.298;0.265;0.077;0.484;0.557;0.756;0.298;0.435;0.531
218.37;3;7;1;1;20;7;13;12;7;38;37;2;5;4;1;1;0.248;0.603;0.914;0.625;0.057;0.566;0.197;0.579;0.924;0.500;0.493;0.554;0.557;0.748;0.756;0.298;0.265;0.077;0.484;0.557;0.756;0.298;0.435;0.531
219.37;3;8;1;1;20;7;13;13;7;38;37;2;5;4;1;1;0.248;0.603;0.914;0.625;0.057;0.566;0.215;0.554;0.927;0.528;0.438;0.553;0.557;0.748;0.756;0.298;0.265;0.077;0.484;0.557;0.756;0.298;0.435;0.531
220.37;3;8;1;1;20;7;13;13;7;38;37;2;5;4;1;1;0.248;0.603;0.914;0.625;0.057;0.566;0.215;0.554;0.927;0.528;0.438;0.553;0.557;0.748;0.756;0.298;0.265;0.077;0.484;0.557;0.756;0.298;0.435;0.531
221.37;3;8;1;1;20;7;13;13;7;38;37;2;5;4;1;1;0.248;0.603;0.914;0.625;0.057;0.566;0.215;0.554;0.927;0.528;0.438;0.553;0.557;0.748;0.756;0.298;0.265;0.077;0.484;0.557;0.756;0.298;0.435;0.531
222.37;3;8;1;1;20;7;13;13;7;38;37;2;5;4;1;1;0.248;0.603;0.914;0.625;0.057;0.566;0.215;0.554;0.927;0.528;0.438;0.553;0.557;0.748;0.756;0.298;0.265;0.077;0.484;0.557;0.756;0.298;0.435;0.531
223.37;3;8;1;1;20;7;13;13;7;38;37;2;5;4;1;1;0.248;0.603;0.914;0.625;0.057;0.566;0.215;0.554;0.927;0.528;0.438;0.553;0.557;0.748;0.756;0.298;0.265;0.077;0.484;0.557;0.756;0.298;0.435;0.531
224.37;3;8;1;1;20;7;13;13;7;39;37;2;5;4;1;1;0.248;0.603;0.914;0.625;0.057;0.566;0.215;0.554;0.927;0.528;0.438;0.553;0.557;0.748;0.756;0.298;0.265;0.077;0.484;0.557;0.756;0.298;0.435;0.531
225.37;3;8;1;1;20;7;13;13;7;40;37;2;5;4;1;1;0.248;0.603;0.914;0.625;0.057;0.566;0.215;0.554;0.927;0.528;0.438;0.553;0.557;0.748;0.756;0.298;0.265;0.077;0.484;0.557;0.756;0.298;0.435;0.531
226.38;3;8;1;1;20;7;13;13;7;41;37;2;5;4;1;1;0.248;0.603;0.914;0.625;0.057;0.566;0.215;0.554;0.927;0.528;0.438;0.553;0.557;0.748;0.756;0.298;0.265;0.077;0.484;0.557;0.756;0.298;0.435;0.531
227.38;3;8;0;1;21;7;14;13;7;42;37;2;5;4;1;1;0.248;0.603;0.914;0.625;0.057;0.566;0.215;0.554;0.927;0.528;0.438;0.553;0.000;0.000;0.000;0.000;0.000;0.000;0.484;0.557;0.756;0.298;0.435;0.531
228.38;3;8;0;1;21;7;14;13;7;42;37;2;5;4;1;1;0.248;0.603;0.914;0.625;0.057;0.566;0.215;0.554;0.927;0.528;0.438;0.553;0.000;0.000;0.000;0.000;0.000;0.000;0.484;0.557;0.756;0.298;0.435;0.531
229.38;3;8;0;1;21;7;14;13;7;42;37;2;5;4;1;1;0.248;0.603;0.914;0.625;0.057;0.566;0.215;0.554;0.927;0.528;0.438;0.553;0.000;0.000;0.000;0.000;0.000;0.000;0.484;0.557;0.756;0.298;0.435;0.531
230.38;3;8;0;0;22;7;15;13;7;43;37;2;5;4;1;1;0.248;0.603;0.914;0.625;0.057;0.566;0.215;0.554;0.927;0.528;0.438;0.553;0.000;0.000;0.000;0.000;0.000;0.000;0.000;0.000;0.000;0.000;0.000;0.000
231.39;3;8;0;0;22;7;15;13;7;43;37;2;5;4;1;1;0.248;0.603;0.914;0.625;0.057;0.566;0.215;0.554;0.927;0.528;0.438;0.553;0.000;0.000;0.000;0.000;0.000;0.000;0.000;0.000;0.000;0.000;0.000;0.000
232.39;3;8;0;0;22;7;15;13;7;44;37;2;5;4;1;1;0.248;0.603;0.914;0.625;0.057;0.566;0.215;0.554;0.927;0.528;0.438;0.553;0.000;0.000;0.000;0.000;0.000;0.000;0.000;0.000;0.000;0.000;0.000;0.000
233.39;3;8;0;0;22;7;15;13;7;44;37;2;5;4;1;1;0.248;0.603;0.914;0.625;0.057;0.566;0.215;0.554;0.927;0.528;0.438;0.553;0.000;0.000;0.000;0.000;0.000;0.000;0.000;0.000;0.000;0.000;0.000;0.000
234.39;3;9;0;0;22;7;15;14;7;44;38;2;6;4;2;2;0.248;0.603;0.914;0.625;0.057;0.566;0.232;0.529;0.921;0.533;0.400;0.554;0.000;0.000;0.000;0.000;0.000;0.000;0.000;0.000;0.000;0.000;0.000;0.000
235.39;3;9;0;0;22;7;15;14;7;45;38;2;6;4;2;2;0.248;0.603;0.914;0.625;0.057;0.566;0.232;0.529;0.921;0.533;0.400;0.554;0.000;0.000;0.000;0.000;0.000;0.000;0.000;0.000;0.000;0.000;0.000;0.000
236.39;3;9;0;0;22;7;15;14;7;46;38;2;6;4;2;2;0.248;0.603;0.914;0.625;0.057;0.566;0.232;0.529;0.921;0.533;0.400;0.554;0.000;0.000;0.000;0.000;0.000;0.000;0.000;0.000;0.000;0.000;0.000;0.000
237.39;3;9;0;0;22;7;15;14;7;46;38;2;6;4;2;2;0.248;0.603;0.914;0.625;0.057;0.566;0.232;0.529;0.921;0.533;0.400;0.554;0.000;0.000;0.000;0.000;0.000;0.000;0.000;0.000;0.000;0.000;0.000;0.000
238.39;3;9;0;0;22;7;15;14;7;46;38;2;6;4;2;2;0.248;0.603;0.914;0.625;0.057;0.566;0.232;0.529;0.921;0.533;0.400;0.554;0.000;0.000;0.000;0.000;0.000;0.000;0.000;0.000;0.000;0.000;0.000;0.000
239.39;3;9;0;0;22;7;15;14;7;46;38;2;6;4;2;2;0.248;0.603;0.914;0.625;0.057;0.566;0.232;0.529;0.921;0.533;0.400;0.554;0.000;0.000;0.000;0.000;0.000;0.000;0.000;0.000;0.000;0.000;0.000;0.000
240.39;3;9;0;0;22;7;15;14;7;46;38;2;6;4;2;2;0.248;0.603;0.914;0.625;0.057;0.566;0.232;0.529;0.921;0.533;0.400;0.554;0.000;0.000;0.000;0.000;0.000;0.000;0.000;0.000;0.000;0.000;0.000;0.000
241.40;3;9;0;0;22;7;15;14;7;47;38;2;6;4;2;2;0.248;0.603;0.914;0.625;0.057;0.566;0.232;0.529;0.921;0.533;0.400;0.554;0.000;0.000;0.000;0.000;0.000;0.000;0.000;0.000;0.000;0.000;0.000;0.000
242.40;3;9;0;0;22;7;15;14;7;47;39;2;6;4;2;2;0.248;0.603;0.914;0.625;0.057;0.566;0.232;0.529;0.921;0.533;0.400;0.554;0.000;0.000;0.000;0.000;0.000;0.000;0.000;0.000;0.000;0.000;0.000;0.000
243.40;4;9;0;0;22;7;15;15;7;47;39;3;7;5;2;2;0.205;0.635;0.935;0.590;0.216;0.564;0.232;0.529;0.921;0.533;0.400;0.554;0.000;0.000;0.000;0.000;0.000;0.000;0.000;0.000;0.000;0.000;0.000;0.000
244.40;4;9;0;0;22;7;15;15;7;48;39;3;7;5;2;2;0.205;0.635;0.935;0.590;0.216;0.564;0.232;0.529;0.921;0.533;0.400;0.554;0.000;0.000;0.000;0.000;0.000;0.000;0.000;0.000;0.000;0.000;0.000;0.000
245.40;4;9;0;0;22;7;15;15;7;48;41;3;7;5;2;2;0.205;0.635;0.935;0.590;0.216;0.564;0.232;0.529;0.921;0.533;0.400;0.554;0.000;0.000;0.000;0.000;0.000;0.000;0.000;0.000;0.000;0.000;0.000;0.000
246.40;4;9;0;0;22;7;15;15;7;48;42;3;7;5;2;2;0.205;0.635;0.935;0.590;0.216;0.564;0.232;0.529;0.921;0.533;0.400;0.554;0.000;0.000;0.000;0.000;0.000;0.000;0.000;0.000;0.000;0.000;0.000;0.000
247.41;4;9;0;0;22;7;15;15;7;48;42;3;7;5;2;2;0.205;0.635;0.935;0.590;0.216;0.564;0.232;0.529;0.921;0.533;0.400;0.554;0.000;0.000;0.000;0.000;0.000;0.000;0.000;0.000;0.000;0.000;0.000;0.000
248.41;4;9;0;0;22;7;15;15;7;48;42;3;7;5;2;2;0.205;0.635;0.935;0.590;0.216;0.564;0.232;0.529;0.921;0.533;0.400;0.554;0.000;0.000;0.000;0.000;0.000;0.000;0.000;0.000;0.000;0.000;0.000;0.000
249.41;4;9;0;0;22;7;15;15;7;48;42;3;7;5;2;2;0.205;0.635;0.935;0.590;0.216;0.564;0.232;0.529;0.921;0.533;0.400;0.554;0.000;0.000;0.000;0.000;0.000;0.000;0.000;0.000;0.000;0.000;0.000;0.000
250.41;5;9;0;0;22;7;15;16;7;49;42;3;8;5;3;3;0.237;0.636;0.923;0.587;0.184;0.564;0.232;0.529;0.921;0.533;0.400;0.554;0.000;0.000;0.000;0.000;0.000;0.000;0.000;0.000;0.000;0.000;0.000;0.000
251.41;5;9;0;0;22;7;15;16;7;49;42;3;8;5;3;3;0.237;0.636;0.923;0.587;0.184;0.564;0.232;0.529;0.921;0.533;0.400;0.554;0.000;0.000;0.000;0.000;0.000;0.000;0.000;0.000;0.000;0.000;0.000;0.000
252.41;5;9;0;0;22;7;15;16;7;50;43;3;8;5;3;3;0.237;0.636;0.923;0.587;0.184;0.564;0.232;0.529;0.921;0.533;0.400;0.554;0.000;0.000;0.000;0.000;0.000;0.000;0.000;0.000;0.000;0.000;0.000;0.000
253.42;5;9;0;0;22;7;15;16;7;50;43;3;8;5;3;3;0.237;0.636;0.923;0.587;0.184;0.564;0.232;0.529;0.921;0.533;0.400;0.554;0.000;0.000;0.000;0.000;0.000;0.000;0.000;0.000;0.000;0.000;0.000;0.000
254.42;5;9;0;0;22;7;15;16;7;50;43;3;8;5;3;3;0.237;0.636;0.923;0.587;0.184;0.564;0.232;0.529;0.921;0.533;0.400;0.554;0.000;0.000;0.000;0.000;0.000;0.000;0.000;0.000;0.000;0.000;0.000;0.000
255.42;5;9;0;0;22;7;15;16;7;50;45;3;8;5;3;3;0.237;0.636;0.923;0.587;0.184;0.564;0.232;0.529;0.921;0.533;0.400;0.554;0.000;0.000;0.000;0.000;0.000;0.000;0.000;0.000;0.000;0.000;0.000;0.000
256.42;5;9;0;0;22;7;15;16;7;50;45;3;8;5;3;3;0.237;0.636;0.923;0.587;0.184;0.564;0.232;0.529;0.921;0.533;0.400;0.554;0.000;0.000;0.000;0.000;0.000;0.000;0.000;0.000;0.000;0.000;0.000;0.000
257.42;5;9;0;0;22;7;15;16;7;50;45;3;8;5;3;3;0.237;0.636;0.923;0.587;0.184;0.564;0.232;0.529;0.921;0.533;0.400;0.554;0.000;0.000;0.000;0.000;0.000;0.000;0.000;0.000;0.000;0.000;0.000;0.000
258.43;5;9;0;0;22;7;15;16;7;50;45;3;8;5;3;3;0.237;0.636;0.923;0.587;0.184;0.564;0.232;0.529;0.921;0.533;0.400;0.554;0.000;0.000;0.000;0.000;0.000;0.000;0.000;0.000;0.000;0.000;0.000;0.000
259.43;5;9;0;0;22;7;15;16;7;50;45;3;8;5;3;3;0.237;0.636;0.923;0.587;0.184;0.564;0.232;0.529;0.921;0.533;0.400;0.554;0.000;0.000;0.000;0.000;0.000;0.000;0.000;0.000;0.000;0.000;0.000;0.000
260.43;5;9;0;0;22;7;15;16;7;50;45;3;8;5;3;3;0.237;0.636;0.923;0.587;0.184;0.564;0.232;0.529;0.921;0.533;0.400;0.554;0.000;0.000;0.000;0.000;0.000;0.000;0.000;0.000;0.000;0.000;0.000;0.000
261.43;5;9;0;0;22;7;15;16;7;51;46;3;8;5;3;3;0.237;0.636;0.923;0.587;0.184;0.564;0.232;0.529;0.921;0.533;0.400;0.554;0.000;0.000;0.000;0.000;0.000;0.000;0.000;0.000;0.000;0.000;0.000;0.000
262.43;5;9;0;0;22;7;15;16;7;52;47;3;8;5;3;3;0.237;0.636;0.923;0.587;0.184;0.564;0.232;0.529;0.921;0.533;0.400;0.554;0.000;0.000;0.000;0.000;0.000;0.000;0.000;0.000;0.000;0.000;0.000;0.000
263.43;5;9;0;0;22;7;15;16;7;54;47;3;8;5;3;3;0.237;0.636;0.923;0.587;0.184;0.564;0.232;0.529;0.921;0.533;0.400;0.554;0.000;0.000;0.000;0.000;0.000;0.000;0.000;0.000;0.000;0.000;0.000;0.000
264.43;5;9;0;0;22;7;15;16;7;54;47;3;8;5;3;3;0.237;0.636;0.923;0.587;0.184;0.564;0.232;0.529;0.921;0.533;0.400;0.554;0.000;0.000;0.000;0.000;0.000;0.000;0.000;0.000;0.000;0.000;0.000;0.000
265.43;5;9;0;0;22;7;15;16;7;55;47;3;8;5;3;3;0.237;0.636;0.923;0.587;0.184;0.564;0.232;0.529;0.921;0.533;0.400;0.554;0.000;0.000;0.000;0.000;0.000;0.000;0.000;0.000;0.000;0.000;0.000;0.000
266.44;5;9;0;0;22;7;15;16;7;56;47;3;8;5;3;3;0.237;0.636;0.923;0.587;0.184;0.564;0.232;0.529;0.921;0.533;0.400;0.554;0.000;0.000;0.000;0.000;0.000;0.000;0.000;0.000;0.000;0.000;0.000;0.000
267.44;5;9;0;0;22;7;15;16;7;56;47;3;8;5;3;3;0.237;0.636;0.923;0.587;0.184;0.564;0.232;0.529;0.921;0.533;0.400;0.554;0.000;0.000;0.000;0.000;0.000;0.000;0.000;0.000;0.000;0.000;0.000;0.000
268.44;5;9;0;0;22;7;15;16;7;56;49;3;8;5;3;3;0.237;0.636;0.923;0.587;0.184;0.564;0.232;0.529;0.921;0.533;0.400;0.554;0.000;0.000;0.000;0.000;0.000;0.000;0.000;0.000;0.000;0.000;0.000;0.000
269.44;5;9;0;0;22;7;15;16;7;58;49;3;8;5;3;3;0.237;0.636;0.923;0.587;0.184;0.564;0.232;0.529;0.921;0.533;0.400;0.554;0.000;0.000;0.000;0.000;0.000;0.000;0.000;0.000;0.000;0.000;0.000;0.000
