Time;Herbivore_Male;Herbivore_Female;Predator_Male;Predator_Female;Deaths;HerbivoreDeaths;PredatorDeaths;Births;PredatorKills;TreesEaten;TreesSpawned;MaxGeneration;HerbivoreMale_Tezyzna;HerbivoreMale_Poped;HerbivoreMale_Zwin;HerbivoreMale_Atrak;HerbivoreMale_Perc;HerbivoreMale_Sila;HerbivoreFemale_Tezyzna;HerbivoreFemale_Poped;HerbivoreFemale_Zwin;HerbivoreFemale_Atrak;HerbivoreFemale_Perc;HerbivoreFemale_Sila;PredatorMale_Tezyzna;PredatorMale_Poped;PredatorMale_Zwin;PredatorMale_Atrak;PredatorMale_Perc;PredatorMale_Sila;PredatorFemale_Tezyzna;PredatorFemale_Poped;PredatorFemale_Zwin;PredatorFemale_Atrak;PredatorFemale_Perc;PredatorFemale_Sila
0.98;7;3;7;3;0;0;0;0;0;0;0;0;0.427;0.409;0.467;0.585;0.420;0.366;0.381;0.457;0.529;0.186;0.560;0.289;0.515;0.513;0.594;0.484;0.466;0.730;0.407;0.307;0.712;0.913;0.758;0.353
1.98;7;3;7;3;0;0;0;0;0;0;0;0;0.427;0.409;0.467;0.585;0.420;0.366;0.381;0.457;0.529;0.186;0.560;0.289;0.515;0.513;0.594;0.484;0.466;0.730;0.407;0.307;0.712;0.913;0.758;0.353
2.99;7;3;7;3;0;0;0;0;0;0;0;0;0.427;0.409;0.467;0.585;0.420;0.366;0.381;0.457;0.529;0.186;0.560;0.289;0.515;0.513;0.594;0.484;0.466;0.730;0.407;0.307;0.712;0.913;0.758;0.353
3.99;7;3;7;3;0;0;0;0;0;0;0;0;0.427;0.409;0.467;0.585;0.420;0.366;0.381;0.457;0.529;0.186;0.560;0.289;0.515;0.513;0.594;0.484;0.466;0.730;0.407;0.307;0.712;0.913;0.758;0.353
4.99;7;3;7;3;0;0;0;0;0;0;0;0;0.427;0.409;0.467;0.585;0.420;0.366;0.381;0.457;0.529;0.186;0.560;0.289;0.515;0.513;0.594;0.484;0.466;0.730;0.407;0.307;0.712;0.913;0.758;0.353
5.99;7;3;7;3;0;0;0;0;0;0;0;0;0.427;0.409;0.467;0.585;0.420;0.366;0.381;0.457;0.529;0.186;0.560;0.289;0.515;0.513;0.594;0.484;0.466;0.730;0.407;0.307;0.712;0.913;0.758;0.353
6.99;7;3;7;3;0;0;0;0;0;0;0;0;0.427;0.409;0.467;0.585;0.420;0.366;0.381;0.457;0.529;0.186;0.560;0.289;0.515;0.513;0.594;0.484;0.466;0.730;0.407;0.307;0.712;0.913;0.758;0.353
7.99;7;3;7;3;0;0;0;0;0;0;0;0;0.427;0.409;0.467;0.585;0.420;0.366;0.381;0.457;0.529;0.186;0.560;0.289;0.515;0.513;0.594;0.484;0.466;0.730;0.407;0.307;0.712;0.913;0.758;0.353
8.99;7;3;7;3;0;0;0;0;0;0;0;0;0.427;0.409;0.467;0.585;0.420;0.366;0.381;0.457;0.529;0.186;0.560;0.289;0.515;0.513;0.594;0.484;0.466;0.730;0.407;0.307;0.712;0.913;0.758;0.353
10.00;7;3;7;3;0;0;0;0;0;0;0;0;0.427;0.409;0.467;0.585;0.420;0.366;0.381;0.457;0.529;0.186;0.560;0.289;0.515;0.513;0.594;0.484;0.466;0.730;0.407;0.307;0.712;0.913;0.758;0.353
11.00;7;3;7;3;0;0;0;0;0;0;0;0;0.427;0.409;0.467;0.585;0.420;0.366;0.381;0.457;0.529;0.186;0.560;0.289;0.515;0.513;0.594;0.484;0.466;0.730;0.407;0.307;0.712;0.913;0.758;0.353
12.00;7;3;7;3;0;0;0;0;0;0;0;0;0.427;0.409;0.467;0.585;0.420;0.366;0.381;0.457;0.529;0.186;0.560;0.289;0.515;0.513;0.594;0.484;0.466;0.730;0.407;0.307;0.712;0.913;0.758;0.353
13.00;7;3;7;3;0;0;0;0;0;0;0;0;0.427;0.409;0.467;0.585;0.420;0.366;0.381;0.457;0.529;0.186;0.560;0.289;0.515;0.513;0.594;0.484;0.466;0.730;0.407;0.307;0.712;0.913;0.758;0.353
14.00;7;3;7;3;0;0;0;0;0;0;0;0;0.427;0.409;0.467;0.585;0.420;0.366;0.381;0.457;0.529;0.186;0.560;0.289;0.515;0.513;0.594;0.484;0.466;0.730;0.407;0.307;0.712;0.913;0.758;0.353
15.00;7;3;7;3;0;0;0;0;0;0;0;0;0.427;0.409;0.467;0.585;0.420;0.366;0.381;0.457;0.529;0.186;0.560;0.289;0.515;0.513;0.594;0.484;0.466;0.730;0.407;0.307;0.712;0.913;0.758;0.353
16.01;7;3;7;3;0;0;0;0;0;0;0;0;0.427;0.409;0.467;0.585;0.420;0.366;0.381;0.457;0.529;0.186;0.560;0.289;0.515;0.513;0.594;0.484;0.466;0.730;0.407;0.307;0.712;0.913;0.758;0.353
17.01;7;3;7;3;0;0;0;0;0;0;0;0;0.427;0.409;0.467;0.585;0.420;0.366;0.381;0.457;0.529;0.186;0.560;0.289;0.515;0.513;0.594;0.484;0.466;0.730;0.407;0.307;0.712;0.913;0.758;0.353
18.01;7;3;7;3;0;0;0;0;0;0;0;0;0.427;0.409;0.467;0.585;0.420;0.366;0.381;0.457;0.529;0.186;0.560;0.289;0.515;0.513;0.594;0.484;0.466;0.730;0.407;0.307;0.712;0.913;0.758;0.353
19.01;7;3;7;3;0;0;0;0;0;0;0;0;0.427;0.409;0.467;0.585;0.420;0.366;0.381;0.457;0.529;0.186;0.560;0.289;0.515;0.513;0.594;0.484;0.466;0.730;0.407;0.307;0.712;0.913;0.758;0.353
20.01;7;3;7;3;0;0;0;0;0;0;0;0;0.427;0.409;0.467;0.585;0.420;0.366;0.381;0.457;0.529;0.186;0.560;0.289;0.515;0.513;0.594;0.484;0.466;0.730;0.407;0.307;0.712;0.913;0.758;0.353
21.01;7;3;7;3;0;0;0;0;0;0;0;0;0.427;0.409;0.467;0.585;0.420;0.366;0.381;0.457;0.529;0.186;0.560;0.289;0.515;0.513;0.594;0.484;0.466;0.730;0.407;0.307;0.712;0.913;0.758;0.353
22.01;7;3;7;3;0;0;0;0;0;1;0;0;0.427;0.409;0.467;0.585;0.420;0.366;0.381;0.457;0.529;0.186;0.560;0.289;0.515;0.513;0.594;0.484;0.466;0.730;0.407;0.307;0.712;0.913;0.758;0.353
23.02;7;3;7;3;0;0;0;0;0;1;0;0;0.427;0.409;0.467;0.585;0.420;0.366;0.381;0.457;0.529;0.186;0.560;0.289;0.515;0.513;0.594;0.484;0.466;0.730;0.407;0.307;0.712;0.913;0.758;0.353
24.02;7;3;7;3;0;0;0;0;0;0;0;0;0.427;0.409;0.467;0.585;0.420;0.366;0.381;0.457;0.529;0.186;0.560;0.289;0.515;0.513;0.594;0.484;0.466;0.730;0.407;0.307;0.712;0.913;0.758;0.353
25.02;7;3;7;3;0;0;0;0;0;0;0;0;0.427;0.409;0.467;0.585;0.420;0.366;0.381;0.457;0.529;0.186;0.560;0.289;0.515;0.513;0.594;0.484;0.466;0.730;0.407;0.307;0.712;0.913;0.758;0.353
26.02;7;3;7;3;0;0;0;0;0;0;0;0;0.427;0.409;0.467;0.585;0.420;0.366;0.381;0.457;0.529;0.186;0.560;0.289;0.515;0.513;0.594;0.484;0.466;0.730;0.407;0.307;0.712;0.913;0.758;0.353
27.02;7;3;7;3;0;0;0;0;0;0;0;0;0.427;0.409;0.467;0.585;0.420;0.366;0.381;0.457;0.529;0.186;0.560;0.289;0.515;0.513;0.594;0.484;0.466;0.730;0.407;0.307;0.712;0.913;0.758;0.353
28.02;7;3;7;3;0;0;0;0;0;0;0;0;0.427;0.409;0.467;0.585;0.420;0.366;0.381;0.457;0.529;0.186;0.560;0.289;0.515;0.513;0.594;0.484;0.466;0.730;0.407;0.307;0.712;0.913;0.758;0.353
29.02;7;3;7;3;0;0;0;0;0;0;0;0;0.427;0.409;0.467;0.585;0.420;0.366;0.381;0.457;0.529;0.186;0.560;0.289;0.515;0.513;0.594;0.484;0.466;0.730;0.407;0.307;0.712;0.913;0.758;0.353
30.02;7;3;7;3;0;0;0;0;0;0;0;0;0.427;0.409;0.467;0.585;0.420;0.366;0.381;0.457;0.529;0.186;0.560;0.289;0.515;0.513;0.594;0.484;0.466;0.730;0.407;0.307;0.712;0.913;0.758;0.353
31.03;7;3;7;3;0;0;0;0;0;1;0;0;0.427;0.409;0.467;0.585;0.420;0.366;0.381;0.457;0.529;0.186;0.560;0.289;0.515;0.513;0.594;0.484;0.466;0.730;0.407;0.307;0.712;0.913;0.758;0.353
32.03;7;3;7;3;0;0;0;0;0;0;0;0;0.427;0.409;0.467;0.585;0.420;0.366;0.381;0.457;0.529;0.186;0.560;0.289;0.515;0.513;0.594;0.484;0.466;0.730;0.407;0.307;0.712;0.913;0.758;0.353
33.03;7;3;7;3;0;0;0;0;0;0;0;0;0.427;0.409;0.467;0.585;0.420;0.366;0.381;0.457;0.529;0.186;0.560;0.289;0.515;0.513;0.594;0.484;0.466;0.730;0.407;0.307;0.712;0.913;0.758;0.353
34.03;7;3;7;3;0;0;0;0;0;0;1;0;0.427;0.409;0.467;0.585;0.420;0.366;0.381;0.457;0.529;0.186;0.560;0.289;0.515;0.513;0.594;0.484;0.466;0.730;0.407;0.307;0.712;0.913;0.758;0.353
35.03;7;3;7;3;0;0;0;0;0;0;0;0;0.427;0.409;0.467;0.585;0.420;0.366;0.381;0.457;0.529;0.186;0.560;0.289;0.515;0.513;0.594;0.484;0.466;0.730;0.407;0.307;0.712;0.913;0.758;0.353
36.03;6;3;7;3;1;1;0;0;1;0;0;0;0.441;0.358;0.475;0.596;0.391;0.408;0.381;0.457;0.529;0.186;0.560;0.289;0.515;0.513;0.594;0.484;0.466;0.730;0.407;0.307;0.712;0.913;0.758;0.353
37.03;6;3;7;3;1;1;0;0;0;0;0;0;0.441;0.358;0.475;0.596;0.391;0.408;0.381;0.457;0.529;0.186;0.560;0.289;0.515;0.513;0.594;0.484;0.466;0.730;0.407;0.307;0.712;0.913;0.758;0.353
38.04;6;3;7;3;1;1;0;0;0;0;1;0;0.441;0.358;0.475;0.596;0.391;0.408;0.381;0.457;0.529;0.186;0.560;0.289;0.515;0.513;0.594;0.484;0.466;0.730;0.407;0.307;0.712;0.913;0.758;0.353
39.04;6;3;7;3;1;1;0;0;0;1;0;0;0.441;0.358;0.475;0.596;0.391;0.408;0.381;0.457;0.529;0.186;0.560;0.289;0.515;0.513;0.594;0.484;0.466;0.730;0.407;0.307;0.712;0.913;0.758;0.353
40.04;6;3;7;3;1;1;0;0;0;0;0;0;0.441;0.358;0.475;0.596;0.391;0.408;0.381;0.457;0.529;0.186;0.560;0.289;0.515;0.513;0.594;0.484;0.466;0.730;0.407;0.307;0.712;0.913;0.758;0.353
41.04;6;3;7;3;1;1;0;0;0;1;0;0;0.441;0.358;0.475;0.596;0.391;0.408;0.381;0.457;0.529;0.186;0.560;0.289;0.515;0.513;0.594;0.484;0.466;0.730;0.407;0.307;0.712;0.913;0.758;0.353
42.04;5;3;7;3;2;2;0;0;1;1;0;0;0.364;0.363;0.526;0.675;0.456;0.424;0.381;0.457;0.529;0.186;0.560;0.289;0.515;0.513;0.594;0.484;0.466;0.730;0.407;0.307;0.712;0.913;0.758;0.353
43.04;5;3;7;3;2;2;0;0;0;0;0;0;0.364;0.363;0.526;0.675;0.456;0.424;0.381;0.457;0.529;0.186;0.560;0.289;0.515;0.513;0.594;0.484;0.466;0.730;0.407;0.307;0.712;0.913;0.758;0.353
44.04;5;3;7;3;2;2;0;0;0;0;0;0;0.364;0.363;0.526;0.675;0.456;0.424;0.381;0.457;0.529;0.186;0.560;0.289;0.515;0.513;0.594;0.484;0.466;0.730;0.407;0.307;0.712;0.913;0.758;0.353
45.05;5;3;7;3;2;2;0;0;0;1;0;0;0.364;0.363;0.526;0.675;0.456;0.424;0.381;0.457;0.529;0.186;0.560;0.289;0.515;0.513;0.594;0.484;0.466;0.730;0.407;0.307;0.712;0.913;0.758;0.353
46.05;5;3;7;3;2;2;0;0;0;0;0;0;0.364;0.363;0.526;0.675;0.456;0.424;0.381;0.457;0.529;0.186;0.560;0.289;0.515;0.513;0.594;0.484;0.466;0.730;0.407;0.307;0.712;0.913;0.758;0.353
47.05;5;3;7;3;2;2;0;0;0;0;0;0;0.364;0.363;0.526;0.675;0.456;0.424;0.381;0.457;0.529;0.186;0.560;0.289;0.515;0.513;0.594;0.484;0.466;0.730;0.407;0.307;0.712;0.913;0.758;0.353
48.05;5;3;7;3;2;2;0;0;0;0;0;0;0.364;0.363;0.526;0.675;0.456;0.424;0.381;0.457;0.529;0.186;0.560;0.289;0.515;0.513;0.594;0.484;0.466;0.730;0.407;0.307;0.712;0.913;0.758;0.353
49.06;5;3;7;3;2;2;0;0;0;0;0;0;0.364;0.363;0.526;0.675;0.456;0.424;0.381;0.457;0.529;0.186;0.560;0.289;0.515;0.513;0.594;0.484;0.466;0.730;0.407;0.307;0.712;0.913;0.758;0.353
50.06;5;3;7;3;2;2;0;0;0;0;0;0;0.364;0.363;0.526;0.675;0.456;0.424;0.381;0.457;0.529;0.186;0.560;0.289;0.515;0.513;0.594;0.484;0.466;0.730;0.407;0.307;0.712;0.913;0.758;0.353
51.06;5;3;7;3;2;2;0;0;0;1;0;0;0.364;0.363;0.526;0.675;0.456;0.424;0.381;0.457;0.529;0.186;0.560;0.289;0.515;0.513;0.594;0.484;0.466;0.730;0.407;0.307;0.712;0.913;0.758;0.353
52.06;5;3;7;3;2;2;0;0;0;1;0;0;0.364;0.363;0.526;0.675;0.456;0.424;0.381;0.457;0.529;0.186;0.560;0.289;0.515;0.513;0.594;0.484;0.466;0.730;0.407;0.307;0.712;0.913;0.758;0.353
53.06;5;3;7;3;2;2;0;0;0;0;0;0;0.364;0.363;0.526;0.675;0.456;0.424;0.381;0.457;0.529;0.186;0.560;0.289;0.515;0.513;0.594;0.484;0.466;0.730;0.407;0.307;0.712;0.913;0.758;0.353
54.06;5;3;7;3;2;2;0;0;0;0;1;0;0.364;0.363;0.526;0.675;0.456;0.424;0.381;0.457;0.529;0.186;0.560;0.289;0.515;0.513;0.594;0.484;0.466;0.730;0.407;0.307;0.712;0.913;0.758;0.353
55.06;5;3;7;3;2;2;0;0;0;0;0;0;0.364;0.363;0.526;0.675;0.456;0.424;0.381;0.457;0.529;0.186;0.560;0.289;0.515;0.513;0.594;0.484;0.466;0.730;0.407;0.307;0.712;0.913;0.758;0.353
56.07;5;3;7;3;2;2;0;0;0;0;0;0;0.364;0.363;0.526;0.675;0.456;0.424;0.381;0.457;0.529;0.186;0.560;0.289;0.515;0.513;0.594;0.484;0.466;0.730;0.407;0.307;0.712;0.913;0.758;0.353
57.07;5;3;7;3;2;2;0;0;0;0;0;0;0.364;0.363;0.526;0.675;0.456;0.424;0.381;0.457;0.529;0.186;0.560;0.289;0.515;0.513;0.594;0.484;0.466;0.730;0.407;0.307;0.712;0.913;0.758;0.353
58.07;5;3;7;3;2;2;0;0;0;0;0;0;0.364;0.363;0.526;0.675;0.456;0.424;0.381;0.457;0.529;0.186;0.560;0.289;0.515;0.513;0.594;0.484;0.466;0.730;0.407;0.307;0.712;0.913;0.758;0.353
59.07;5;2;7;3;3;3;0;0;1;0;1;0;0.364;0.363;0.526;0.675;0.456;0.424;0.491;0.308;0.794;0.085;0.412;0.217;0.515;0.513;0.594;0.484;0.466;0.730;0.407;0.307;0.712;0.913;0.758;0.353
60.07;5;2;7;3;3;3;0;0;0;0;0;0;0.364;0.363;0.526;0.675;0.456;0.424;0.491;0.308;0.794;0.085;0.412;0.217;0.515;0.513;0.594;0.484;0.466;0.730;0.407;0.307;0.712;0.913;0.758;0.353
61.07;5;2;7;3;3;3;0;0;0;1;0;0;0.364;0.363;0.526;0.675;0.456;0.424;0.491;0.308;0.794;0.085;0.412;0.217;0.515;0.513;0.594;0.484;0.466;0.730;0.407;0.307;0.712;0.913;0.758;0.353
62.07;5;2;7;3;3;3;0;0;0;0;0;0;0.364;0.363;0.526;0.675;0.456;0.424;0.491;0.308;0.794;0.085;0.412;0.217;0.515;0.513;0.594;0.484;0.466;0.730;0.407;0.307;0.712;0.913;0.758;0.353
63.07;5;2;7;3;3;3;0;0;0;1;0;0;0.364;0.363;0.526;0.675;0.456;0.424;0.491;0.308;0.794;0.085;0.412;0.217;0.515;0.513;0.594;0.484;0.466;0.730;0.407;0.307;0.712;0.913;0.758;0.353
64.08;5;2;7;3;3;3;0;0;0;0;1;0;0.364;0.363;0.526;0.675;0.456;0.424;0.491;0.308;0.794;0.085;0.412;0.217;0.515;0.513;0.594;0.484;0.466;0.730;0.407;0.307;0.712;0.913;0.758;0.353
65.08;5;2;7;3;3;3;0;0;0;0;2;0;0.364;0.363;0.526;0.675;0.456;0.424;0.491;0.308;0.794;0.085;0.412;0.217;0.515;0.513;0.594;0.484;0.466;0.730;0.407;0.307;0.712;0.913;0.758;0.353
66.08;5;2;7;3;3;3;0;0;0;0;0;0;0.364;0.363;0.526;0.675;0.456;0.424;0.491;0.308;0.794;0.085;0.412;0.217;0.515;0.513;0.594;0.484;0.466;0.730;0.407;0.307;0.712;0.913;0.758;0.353
67.08;5;2;7;3;3;3;0;0;0;1;0;0;0.364;0.363;0.526;0.675;0.456;0.424;0.491;0.308;0.794;0.085;0.412;0.217;0.515;0.513;0.594;0.484;0.466;0.730;0.407;0.307;0.712;0.913;0.758;0.353
68.08;5;2;7;3;3;3;0;0;0;0;0;0;0.364;0.363;0.526;0.675;0.456;0.424;0.491;0.308;0.794;0.085;0.412;0.217;0.515;0.513;0.594;0.484;0.466;0.730;0.407;0.307;0.712;0.913;0.758;0.353
69.08;4;2;7;3;4;4;0;0;1;0;2;0;0.329;0.333;0.442;0.722;0.521;0.496;0.491;0.308;0.794;0.085;0.412;0.217;0.515;0.513;0.594;0.484;0.466;0.730;0.407;0.307;0.712;0.913;0.758;0.353
70.08;4;2;7;3;4;4;0;0;0;0;0;0;0.329;0.333;0.442;0.722;0.521;0.496;0.491;0.308;0.794;0.085;0.412;0.217;0.515;0.513;0.594;0.484;0.466;0.730;0.407;0.307;0.712;0.913;0.758;0.353
71.08;4;2;7;3;4;4;0;0;0;0;0;0;0.329;0.333;0.442;0.722;0.521;0.496;0.491;0.308;0.794;0.085;0.412;0.217;0.515;0.513;0.594;0.484;0.466;0.730;0.407;0.307;0.712;0.913;0.758;0.353
72.08;4;2;7;3;4;4;0;0;0;0;0;0;0.329;0.333;0.442;0.722;0.521;0.496;0.491;0.308;0.794;0.085;0.412;0.217;0.515;0.513;0.594;0.484;0.466;0.730;0.407;0.307;0.712;0.913;0.758;0.353
73.09;4;2;7;3;4;4;0;0;0;0;0;0;0.329;0.333;0.442;0.722;0.521;0.496;0.491;0.308;0.794;0.085;0.412;0.217;0.515;0.513;0.594;0.484;0.466;0.730;0.407;0.307;0.712;0.913;0.758;0.353
74.09;4;2;7;3;4;4;0;0;0;1;0;0;0.329;0.333;0.442;0.722;0.521;0.496;0.491;0.308;0.794;0.085;0.412;0.217;0.515;0.513;0.594;0.484;0.466;0.730;0.407;0.307;0.712;0.913;0.758;0.353
75.09;4;2;7;3;4;4;0;0;0;0;0;0;0.329;0.333;0.442;0.722;0.521;0.496;0.491;0.308;0.794;0.085;0.412;0.217;0.515;0.513;0.594;0.484;0.466;0.730;0.407;0.307;0.712;0.913;0.758;0.353
76.09;4;2;7;3;4;4;0;0;0;1;0;0;0.329;0.333;0.442;0.722;0.521;0.496;0.491;0.308;0.794;0.085;0.412;0.217;0.515;0.513;0.594;0.484;0.466;0.730;0.407;0.307;0.712;0.913;0.758;0.353
77.09;4;2;7;3;4;4;0;0;0;0;0;0;0.329;0.333;0.442;0.722;0.521;0.496;0.491;0.308;0.794;0.085;0.412;0.217;0.515;0.513;0.594;0.484;0.466;0.730;0.407;0.307;0.712;0.913;0.758;0.353
78.09;4;2;7;3;4;4;0;0;0;0;0;0;0.329;0.333;0.442;0.722;0.521;0.496;0.491;0.308;0.794;0.085;0.412;0.217;0.515;0.513;0.594;0.484;0.466;0.730;0.407;0.307;0.712;0.913;0.758;0.353
79.10;4;2;7;3;4;4;0;0;0;0;0;0;0.329;0.333;0.442;0.722;0.521;0.496;0.491;0.308;0.794;0.085;0.412;0.217;0.515;0.513;0.594;0.484;0.466;0.730;0.407;0.307;0.712;0.913;0.758;0.353
80.10;4;2;7;3;4;4;0;0;0;0;0;0;0.329;0.333;0.442;0.722;0.521;0.496;0.491;0.308;0.794;0.085;0.412;0.217;0.515;0.513;0.594;0.484;0.466;0.730;0.407;0.307;0.712;0.913;0.758;0.353
81.10;4;2;7;3;4;4;0;0;0;0;0;0;0.329;0.333;0.442;0.722;0.521;0.496;0.491;0.308;0.794;0.085;0.412;0.217;0.515;0.513;0.594;0.484;0.466;0.730;0.407;0.307;0.712;0.913;0.758;0.353
82.10;4;2;7;3;4;4;0;0;0;0;1;0;0.329;0.333;0.442;0.722;0.521;0.496;0.491;0.308;0.794;0.085;0.412;0.217;0.515;0.513;0.594;0.484;0.466;0.730;0.407;0.307;0.712;0.913;0.758;0.353
83.11;4;2;7;3;4;4;0;0;0;1;0;0;0.329;0.333;0.442;0.722;0.521;0.496;0.491;0.308;0.794;0.085;0.412;0.217;0.515;0.513;0.594;0.484;0.466;0.730;0.407;0.307;0.712;0.913;0.758;0.353
84.11;5;2;7;3;4;4;0;1;0;0;0;1;0.281;0.327;0.437;0.647;0.513;0.470;0.491;0.308;0.794;0.085;0.412;0.217;0.515;0.513;0.594;0.484;0.466;0.730;0.407;0.307;0.712;0.913;0.758;0.353
85.11;5;2;7;3;4;4;0;1;0;0;0;1;0.281;0.327;0.437;0.647;0.513;0.470;0.491;0.308;0.794;0.085;0.412;0.217;0.515;0.513;0.594;0.484;0.466;0.730;0.407;0.307;0.712;0.913;0.758;0.353
86.11;5;2;7;3;4;4;0;1;0;0;0;1;0.281;0.327;0.437;0.647;0.513;0.470;0.491;0.308;0.794;0.085;0.412;0.217;0.515;0.513;0.594;0.484;0.466;0.730;0.407;0.307;0.712;0.913;0.758;0.353
87.11;5;2;7;3;4;4;0;1;0;0;0;1;0.281;0.327;0.437;0.647;0.513;0.470;0.491;0.308;0.794;0.085;0.412;0.217;0.515;0.513;0.594;0.484;0.466;0.730;0.407;0.307;0.712;0.913;0.758;0.353
88.11;5;2;7;3;4;4;0;1;0;0;3;1;0.281;0.327;0.437;0.647;0.513;0.470;0.491;0.308;0.794;0.085;0.412;0.217;0.515;0.513;0.594;0.484;0.466;0.730;0.407;0.307;0.712;0.913;0.758;0.353
89.11;5;2;7;3;4;4;0;1;0;0;0;1;0.281;0.327;0.437;0.647;0.513;0.470;0.491;0.308;0.794;0.085;0.412;0.217;0.515;0.513;0.594;0.484;0.466;0.730;0.407;0.307;0.712;0.913;0.758;0.353
90.12;5;2;7;3;4;4;0;1;0;1;0;1;0.281;0.327;0.437;0.647;0.513;0.470;0.491;0.308;0.794;0.085;0.412;0.217;0.515;0.513;0.594;0.484;0.466;0.730;0.407;0.307;0.712;0.913;0.758;0.353
91.12;5;2;7;3;4;4;0;1;0;0;0;1;0.281;0.327;0.437;0.647;0.513;0.470;0.491;0.308;0.794;0.085;0.412;0.217;0.515;0.513;0.594;0.484;0.466;0.730;0.407;0.307;0.712;0.913;0.758;0.353
92.12;5;2;7;3;4;4;0;1;0;0;0;1;0.281;0.327;0.437;0.647;0.513;0.470;0.491;0.308;0.794;0.085;0.412;0.217;0.515;0.513;0.594;0.484;0.466;0.730;0.407;0.307;0.712;0.913;0.758;0.353
93.12;5;2;7;3;4;4;0;1;0;0;0;1;0.281;0.327;0.437;0.647;0.513;0.470;0.491;0.308;0.794;0.085;0.412;0.217;0.515;0.513;0.594;0.484;0.466;0.730;0.407;0.307;0.712;0.913;0.758;0.353
94.12;3;2;7;3;6;6;0;1;2;0;0;1;0.157;0.464;0.502;0.548;0.462;0.467;0.491;0.308;0.794;0.085;0.412;0.217;0.515;0.513;0.594;0.484;0.466;0.730;0.407;0.307;0.712;0.913;0.758;0.353
95.13;3;2;7;3;6;6;0;1;0;0;0;1;0.157;0.464;0.502;0.548;0.462;0.467;0.491;0.308;0.794;0.085;0.412;0.217;0.515;0.513;0.594;0.484;0.466;0.730;0.407;0.307;0.712;0.913;0.758;0.353
96.13;3;2;7;3;6;6;0;1;0;0;0;1;0.157;0.464;0.502;0.548;0.462;0.467;0.491;0.308;0.794;0.085;0.412;0.217;0.515;0.513;0.594;0.484;0.466;0.730;0.407;0.307;0.712;0.913;0.758;0.353
97.13;3;2;7;3;6;6;0;1;0;0;0;1;0.157;0.464;0.502;0.548;0.462;0.467;0.491;0.308;0.794;0.085;0.412;0.217;0.515;0.513;0.594;0.484;0.466;0.730;0.407;0.307;0.712;0.913;0.758;0.353
98.13;3;2;7;3;6;6;0;1;0;0;0;1;0.157;0.464;0.502;0.548;0.462;0.467;0.491;0.308;0.794;0.085;0.412;0.217;0.515;0.513;0.594;0.484;0.466;0.730;0.407;0.307;0.712;0.913;0.758;0.353
99.14;3;2;7;3;6;6;0;1;0;0;0;1;0.157;0.464;0.502;0.548;0.462;0.467;0.491;0.308;0.794;0.085;0.412;0.217;0.515;0.513;0.594;0.484;0.466;0.730;0.407;0.307;0.712;0.913;0.758;0.353
100.14;3;2;7;3;6;6;0;1;0;0;0;1;0.157;0.464;0.502;0.548;0.462;0.467;0.491;0.308;0.794;0.085;0.412;0.217;0.515;0.513;0.594;0.484;0.466;0.730;0.407;0.307;0.712;0.913;0.758;0.353
101.14;3;2;7;3;6;6;0;1;0;0;2;1;0.157;0.464;0.502;0.548;0.462;0.467;0.491;0.308;0.794;0.085;0.412;0.217;0.515;0.513;0.594;0.484;0.466;0.730;0.407;0.307;0.712;0.913;0.758;0.353
102.14;3;2;7;3;6;6;0;1;0;0;0;1;0.157;0.464;0.502;0.548;0.462;0.467;0.491;0.308;0.794;0.085;0.412;0.217;0.515;0.513;0.594;0.484;0.466;0.730;0.407;0.307;0.712;0.913;0.758;0.353
103.14;3;2;7;3;6;6;0;1;0;0;0;1;0.157;0.464;0.502;0.548;0.462;0.467;0.491;0.308;0.794;0.085;0.412;0.217;0.515;0.513;0.594;0.484;0.466;0.730;0.407;0.307;0.712;0.913;0.758;0.353
104.15;3;2;7;3;6;6;0;1;0;1;1;1;0.157;0.464;0.502;0.548;0.462;0.467;0.491;0.308;0.794;0.085;0.412;0.217;0.515;0.513;0.594;0.484;0.466;0.730;0.407;0.307;0.712;0.913;0.758;0.353
105.15;3;2;7;3;6;6;0;1;0;0;0;1;0.157;0.464;0.502;0.548;0.462;0.467;0.491;0.308;0.794;0.085;0.412;0.217;0.515;0.513;0.594;0.484;0.466;0.730;0.407;0.307;0.712;0.913;0.758;0.353
106.15;3;2;7;3;6;6;0;1;0;0;0;1;0.157;0.464;0.502;0.548;0.462;0.467;0.491;0.308;0.794;0.085;0.412;0.217;0.515;0.513;0.594;0.484;0.466;0.730;0.407;0.307;0.712;0.913;0.758;0.353
107.15;3;2;7;3;6;6;0;1;0;0;0;1;0.157;0.464;0.502;0.548;0.462;0.467;0.491;0.308;0.794;0.085;0.412;0.217;0.515;0.513;0.594;0.484;0.466;0.730;0.407;0.307;0.712;0.913;0.758;0.353
108.15;3;2;7;3;6;6;0;1;0;0;0;1;0.157;0.464;0.502;0.548;0.462;0.467;0.491;0.308;0.794;0.085;0.412;0.217;0.515;0.513;0.594;0.484;0.466;0.730;0.407;0.307;0.712;0.913;0.758;0.353
109.16;3;2;7;3;6;6;0;1;0;0;0;1;0.157;0.464;0.502;0.548;0.462;0.467;0.491;0.308;0.794;0.085;0.412;0.217;0.515;0.513;0.594;0.484;0.466;0.730;0.407;0.307;0.712;0.913;0.758;0.353
110.16;3;2;7;3;6;6;0;1;0;0;0;1;0.157;0.464;0.502;0.548;0.462;0.467;0.491;0.308;0.794;0.085;0.412;0.217;0.515;0.513;0.594;0.484;0.466;0.730;0.407;0.307;0.712;0.913;0.758;0.353
111.16;3;2;7;3;6;6;0;1;0;0;0;1;0.157;0.464;0.502;0.548;0.462;0.467;0.491;0.308;0.794;0.085;0.412;0.217;0.515;0.513;0.594;0.484;0.466;0.730;0.407;0.307;0.712;0.913;0.758;0.353
112.16;3;2;7;3;6;6;0;1;0;0;0;1;0.157;0.464;0.502;0.548;0.462;0.467;0.491;0.308;0.794;0.085;0.412;0.217;0.515;0.513;0.594;0.484;0.466;0.730;0.407;0.307;0.712;0.913;0.758;0.353
113.16;3;2;7;3;6;6;0;1;0;0;0;1;0.157;0.464;0.502;0.548;0.462;0.467;0.491;0.308;0.794;0.085;0.412;0.217;0.515;0.513;0.594;0.484;0.466;0.730;0.407;0.307;0.712;0.913;0.758;0.353
114.16;2;2;7;3;7;7;0;1;1;0;0;0;0.191;0.543;0.545;0.648;0.455;0.518;0.491;0.308;0.794;0.085;0.412;0.217;0.515;0.513;0.594;0.484;0.466;0.730;0.407;0.307;0.712;0.913;0.758;0.353
115.17;2;2;7;3;7;7;0;1;0;0;0;0;0.191;0.543;0.545;0.648;0.455;0.518;0.491;0.308;0.794;0.085;0.412;0.217;0.515;0.513;0.594;0.484;0.466;0.730;0.407;0.307;0.712;0.913;0.758;0.353
116.17;2;2;7;3;7;7;0;1;0;0;0;0;0.191;0.543;0.545;0.648;0.455;0.518;0.491;0.308;0.794;0.085;0.412;0.217;0.515;0.513;0.594;0.484;0.466;0.730;0.407;0.307;0.712;0.913;0.758;0.353
117.17;2;2;7;3;7;7;0;1;0;0;0;0;0.191;0.543;0.545;0.648;0.455;0.518;0.491;0.308;0.794;0.085;0.412;0.217;0.515;0.513;0.594;0.484;0.466;0.730;0.407;0.307;0.712;0.913;0.758;0.353
118.17;2;2;7;3;7;7;0;1;0;1;0;0;0.191;0.543;0.545;0.648;0.455;0.518;0.491;0.308;0.794;0.085;0.412;0.217;0.515;0.513;0.594;0.484;0.466;0.730;0.407;0.307;0.712;0.913;0.758;0.353
119.17;2;2;7;3;7;7;0;1;0;0;0;0;0.191;0.543;0.545;0.648;0.455;0.518;0.491;0.308;0.794;0.085;0.412;0.217;0.515;0.513;0.594;0.484;0.466;0.730;0.407;0.307;0.712;0.913;0.758;0.353
120.17;2;2;7;3;7;7;0;1;0;0;0;0;0.191;0.543;0.545;0.648;0.455;0.518;0.491;0.308;0.794;0.085;0.412;0.217;0.515;0.513;0.594;0.484;0.466;0.730;0.407;0.307;0.712;0.913;0.758;0.353
121.17;2;2;7;3;7;7;0;1;0;0;0;0;0.191;0.543;0.545;0.648;0.455;0.518;0.491;0.308;0.794;0.085;0.412;0.217;0.515;0.513;0.594;0.484;0.466;0.730;0.407;0.307;0.712;0.913;0.758;0.353
122.17;2;2;7;3;7;7;0;1;0;0;0;0;0.191;0.543;0.545;0.648;0.455;0.518;0.491;0.308;0.794;0.085;0.412;0.217;0.515;0.513;0.594;0.484;0.466;0.730;0.407;0.307;0.712;0.913;0.758;0.353
123.18;2;2;7;3;7;7;0;1;0;0;0;0;0.191;0.543;0.545;0.648;0.455;0.518;0.491;0.308;0.794;0.085;0.412;0.217;0.515;0.513;0.594;0.484;0.466;0.730;0.407;0.307;0.712;0.913;0.758;0.353
124.18;2;2;7;3;7;7;0;1;0;1;0;0;0.191;0.543;0.545;0.648;0.455;0.518;0.491;0.308;0.794;0.085;0.412;0.217;0.515;0.513;0.594;0.484;0.466;0.730;0.407;0.307;0.712;0.913;0.758;0.353
125.18;2;2;7;3;7;7;0;1;0;0;0;0;0.191;0.543;0.545;0.648;0.455;0.518;0.491;0.308;0.794;0.085;0.412;0.217;0.515;0.513;0.594;0.484;0.466;0.730;0.407;0.307;0.712;0.913;0.758;0.353
126.18;2;2;7;3;7;7;0;1;0;0;0;0;0.191;0.543;0.545;0.648;0.455;0.518;0.491;0.308;0.794;0.085;0.412;0.217;0.515;0.513;0.594;0.484;0.466;0.730;0.407;0.307;0.712;0.913;0.758;0.353
127.18;2;2;7;3;7;7;0;1;0;0;0;0;0.191;0.543;0.545;0.648;0.455;0.518;0.491;0.308;0.794;0.085;0.412;0.217;0.515;0.513;0.594;0.484;0.466;0.730;0.407;0.307;0.712;0.913;0.758;0.353
128.18;2;2;7;3;7;7;0;1;0;0;0;0;0.191;0.543;0.545;0.648;0.455;0.518;0.491;0.308;0.794;0.085;0.412;0.217;0.515;0.513;0.594;0.484;0.466;0.730;0.407;0.307;0.712;0.913;0.758;0.353
129.18;2;2;7;3;7;7;0;1;0;0;0;0;0.191;0.543;0.545;0.648;0.455;0.518;0.491;0.308;0.794;0.085;0.412;0.217;0.515;0.513;0.594;0.484;0.466;0.730;0.407;0.307;0.712;0.913;0.758;0.353
130.19;2;2;7;3;7;7;0;1;0;0;0;0;0.191;0.543;0.545;0.648;0.455;0.518;0.491;0.308;0.794;0.085;0.412;0.217;0.515;0.513;0.594;0.484;0.466;0.730;0.407;0.307;0.712;0.913;0.758;0.353
131.19;2;2;6;3;8;7;1;1;0;0;0;0;0.191;0.543;0.545;0.648;0.455;0.518;0.491;0.308;0.794;0.085;0.412;0.217;0.459;0.540;0.658;0.472;0.533;0.729;0.407;0.307;0.712;0.913;0.758;0.353
132.19;2;2;6;3;8;7;1;1;0;0;0;0;0.191;0.543;0.545;0.648;0.455;0.518;0.491;0.308;0.794;0.085;0.412;0.217;0.459;0.540;0.658;0.472;0.533;0.729;0.407;0.307;0.712;0.913;0.758;0.353
133.19;2;2;6;3;8;7;1;1;0;0;0;0;0.191;0.543;0.545;0.648;0.455;0.518;0.491;0.308;0.794;0.085;0.412;0.217;0.459;0.540;0.658;0.472;0.533;0.729;0.407;0.307;0.712;0.913;0.758;0.353
134.20;1;2;6;3;9;8;1;1;1;0;1;0;0.254;0.750;0.915;0.738;0.243;0.364;0.491;0.308;0.794;0.085;0.412;0.217;0.459;0.540;0.658;0.472;0.533;0.729;0.407;0.307;0.712;0.913;0.758;0.353
135.20;1;2;5;3;10;8;2;1;0;0;0;0;0.254;0.750;0.915;0.738;0.243;0.364;0.491;0.308;0.794;0.085;0.412;0.217;0.405;0.545;0.733;0.543;0.608;0.774;0.407;0.307;0.712;0.913;0.758;0.353
136.20;1;2;5;3;10;8;2;1;0;0;0;0;0.254;0.750;0.915;0.738;0.243;0.364;0.491;0.308;0.794;0.085;0.412;0.217;0.405;0.545;0.733;0.543;0.608;0.774;0.407;0.307;0.712;0.913;0.758;0.353
137.20;1;2;5;3;10;8;2;1;0;0;0;0;0.254;0.750;0.915;0.738;0.243;0.364;0.491;0.308;0.794;0.085;0.412;0.217;0.405;0.545;0.733;0.543;0.608;0.774;0.407;0.307;0.712;0.913;0.758;0.353
138.20;1;2;5;3;10;8;2;1;0;0;0;0;0.254;0.750;0.915;0.738;0.243;0.364;0.491;0.308;0.794;0.085;0.412;0.217;0.405;0.545;0.733;0.543;0.608;0.774;0.407;0.307;0.712;0.913;0.758;0.353
139.20;1;2;5;3;10;8;2;1;0;0;0;0;0.254;0.750;0.915;0.738;0.243;0.364;0.491;0.308;0.794;0.085;0.412;0.217;0.405;0.545;0.733;0.543;0.608;0.774;0.407;0.307;0.712;0.913;0.758;0.353
140.20;1;2;5;3;10;8;2;1;0;0;1;0;0.254;0.750;0.915;0.738;0.243;0.364;0.491;0.308;0.794;0.085;0.412;0.217;0.405;0.545;0.733;0.543;0.608;0.774;0.407;0.307;0.712;0.913;0.758;0.353
141.20;1;2;5;3;10;8;2;1;0;0;0;0;0.254;0.750;0.915;0.738;0.243;0.364;0.491;0.308;0.794;0.085;0.412;0.217;0.405;0.545;0.733;0.543;0.608;0.774;0.407;0.307;0.712;0.913;0.758;0.353
142.20;1;2;5;3;10;8;2;1;0;0;0;0;0.254;0.750;0.915;0.738;0.243;0.364;0.491;0.308;0.794;0.085;0.412;0.217;0.405;0.545;0.733;0.543;0.608;0.774;0.407;0.307;0.712;0.913;0.758;0.353
143.21;1;2;5;3;10;8;2;1;0;0;0;0;0.254;0.750;0.915;0.738;0.243;0.364;0.491;0.308;0.794;0.085;0.412;0.217;0.405;0.545;0.733;0.543;0.608;0.774;0.407;0.307;0.712;0.913;0.758;0.353
144.21;1;1;5;3;11;9;2;1;0;0;0;0;0.254;0.750;0.915;0.738;0.243;0.364;0.050;0.275;0.660;0.139;0.290;0.059;0.405;0.545;0.733;0.543;0.608;0.774;0.407;0.307;0.712;0.913;0.758;0.353
145.21;1;1;5;3;11;9;2;1;0;0;0;0;0.254;0.750;0.915;0.738;0.243;0.364;0.050;0.275;0.660;0.139;0.290;0.059;0.405;0.545;0.733;0.543;0.608;0.774;0.407;0.307;0.712;0.913;0.758;0.353
146.21;1;1;5;3;11;9;2;1;0;0;1;0;0.254;0.750;0.915;0.738;0.243;0.364;0.050;0.275;0.660;0.139;0.290;0.059;0.405;0.545;0.733;0.543;0.608;0.774;0.407;0.307;0.712;0.913;0.758;0.353
147.22;1;1;5;3;11;9;2;1;0;0;0;0;0.254;0.750;0.915;0.738;0.243;0.364;0.050;0.275;0.660;0.139;0.290;0.059;0.405;0.545;0.733;0.543;0.608;0.774;0.407;0.307;0.712;0.913;0.758;0.353
148.22;1;1;5;3;11;9;2;1;0;0;0;0;0.254;0.750;0.915;0.738;0.243;0.364;0.050;0.275;0.660;0.139;0.290;0.059;0.405;0.545;0.733;0.543;0.608;0.774;0.407;0.307;0.712;0.913;0.758;0.353
149.22;1;1;5;3;11;9;2;1;0;0;0;0;0.254;0.750;0.915;0.738;0.243;0.364;0.050;0.275;0.660;0.139;0.290;0.059;0.405;0.545;0.733;0.543;0.608;0.774;0.407;0.307;0.712;0.913;0.758;0.353
150.22;1;1;5;3;11;9;2;1;0;0;0;0;0.254;0.750;0.915;0.738;0.243;0.364;0.050;0.275;0.660;0.139;0.290;0.059;0.405;0.545;0.733;0.543;0.608;0.774;0.407;0.307;0.712;0.913;0.758;0.353
151.22;1;1;5;3;11;9;2;1;0;0;0;0;0.254;0.750;0.915;0.738;0.243;0.364;0.050;0.275;0.660;0.139;0.290;0.059;0.405;0.545;0.733;0.543;0.608;0.774;0.407;0.307;0.712;0.913;0.758;0.353
152.22;1;1;5;3;11;9;2;1;0;0;0;0;0.254;0.750;0.915;0.738;0.243;0.364;0.050;0.275;0.660;0.139;0.290;0.059;0.405;0.545;0.733;0.543;0.608;0.774;0.407;0.307;0.712;0.913;0.758;0.353
153.22;1;1;5;3;11;9;2;1;0;0;0;0;0.254;0.750;0.915;0.738;0.243;0.364;0.050;0.275;0.660;0.139;0.290;0.059;0.405;0.545;0.733;0.543;0.608;0.774;0.407;0.307;0.712;0.913;0.758;0.353
154.23;1;1;5;3;11;9;2;1;0;0;0;0;0.254;0.750;0.915;0.738;0.243;0.364;0.050;0.275;0.660;0.139;0.290;0.059;0.405;0.545;0.733;0.543;0.608;0.774;0.407;0.307;0.712;0.913;0.758;0.353
155.23;1;1;5;3;11;9;2;1;0;0;0;0;0.254;0.750;0.915;0.738;0.243;0.364;0.050;0.275;0.660;0.139;0.290;0.059;0.405;0.545;0.733;0.543;0.608;0.774;0.407;0.307;0.712;0.913;0.758;0.353
156.23;1;0;5;3;12;10;2;1;1;0;0;0;0.254;0.750;0.915;0.738;0.243;0.364;0.000;0.000;0.000;0.000;0.000;0.000;0.405;0.545;0.733;0.543;0.608;0.774;0.407;0.307;0.712;0.913;0.758;0.353
157.23;1;0;5;3;12;10;2;1;0;0;0;0;0.254;0.750;0.915;0.738;0.243;0.364;0.000;0.000;0.000;0.000;0.000;0.000;0.405;0.545;0.733;0.543;0.608;0.774;0.407;0.307;0.712;0.913;0.758;0.353
158.23;1;0;5;3;12;10;2;1;0;0;0;0;0.254;0.750;0.915;0.738;0.243;0.364;0.000;0.000;0.000;0.000;0.000;0.000;0.405;0.545;0.733;0.543;0.608;0.774;0.407;0.307;0.712;0.913;0.758;0.353
159.24;1;0;5;3;12;10;2;1;0;0;0;0;0.254;0.750;0.915;0.738;0.243;0.364;0.000;0.000;0.000;0.000;0.000;0.000;0.405;0.545;0.733;0.543;0.608;0.774;0.407;0.307;0.712;0.913;0.758;0.353
160.24;1;0;5;3;12;10;2;1;0;0;0;0;0.254;0.750;0.915;0.738;0.243;0.364;0.000;0.000;0.000;0.000;0.000;0.000;0.405;0.545;0.733;0.543;0.608;0.774;0.407;0.307;0.712;0.913;0.758;0.353
161.24;1;0;5;3;12;10;2;1;0;0;0;0;0.254;0.750;0.915;0.738;0.243;0.364;0.000;0.000;0.000;0.000;0.000;0.000;0.405;0.545;0.733;0.543;0.608;0.774;0.407;0.307;0.712;0.913;0.758;0.353
162.24;1;0;5;3;12;10;2;1;0;0;0;0;0.254;0.750;0.915;0.738;0.243;0.364;0.000;0.000;0.000;0.000;0.000;0.000;0.405;0.545;0.733;0.543;0.608;0.774;0.407;0.307;0.712;0.913;0.758;0.353
163.24;1;0;5;3;12;10;2;1;0;0;0;0;0.254;0.750;0.915;0.738;0.243;0.364;0.000;0.000;0.000;0.000;0.000;0.000;0.405;0.545;0.733;0.543;0.608;0.774;0.407;0.307;0.712;0.913;0.758;0.353
164.24;1;0;5;3;12;10;2;1;0;0;0;0;0.254;0.750;0.915;0.738;0.243;0.364;0.000;0.000;0.000;0.000;0.000;0.000;0.405;0.545;0.733;0.543;0.608;0.774;0.407;0.307;0.712;0.913;0.758;0.353
165.24;1;0;5;3;12;10;2;1;0;1;0;0;0.254;0.750;0.915;0.738;0.243;0.364;0.000;0.000;0.000;0.000;0.000;0.000;0.405;0.545;0.733;0.543;0.608;0.774;0.407;0.307;0.712;0.913;0.758;0.353
166.25;1;0;5;3;12;10;2;1;0;0;0;0;0.254;0.750;0.915;0.738;0.243;0.364;0.000;0.000;0.000;0.000;0.000;0.000;0.405;0.545;0.733;0.543;0.608;0.774;0.407;0.307;0.712;0.913;0.758;0.353
167.25;1;0;5;3;12;10;2;1;0;0;0;0;0.254;0.750;0.915;0.738;0.243;0.364;0.000;0.000;0.000;0.000;0.000;0.000;0.405;0.545;0.733;0.543;0.608;0.774;0.407;0.307;0.712;0.913;0.758;0.353
168.25;1;0;5;3;12;10;2;1;0;0;0;0;0.254;0.750;0.915;0.738;0.243;0.364;0.000;0.000;0.000;0.000;0.000;0.000;0.405;0.545;0.733;0.543;0.608;0.774;0.407;0.307;0.712;0.913;0.758;0.353
169.25;1;0;5;3;12;10;2;1;0;0;0;0;0.254;0.750;0.915;0.738;0.243;0.364;0.000;0.000;0.000;0.000;0.000;0.000;0.405;0.545;0.733;0.543;0.608;0.774;0.407;0.307;0.712;0.913;0.758;0.353
170.25;1;0;5;3;12;10;2;1;0;0;0;0;0.254;0.750;0.915;0.738;0.243;0.364;0.000;0.000;0.000;0.000;0.000;0.000;0.405;0.545;0.733;0.543;0.608;0.774;0.407;0.307;0.712;0.913;0.758;0.353
171.25;1;0;5;3;12;10;2;1;0;0;0;0;0.254;0.750;0.915;0.738;0.243;0.364;0.000;0.000;0.000;0.000;0.000;0.000;0.405;0.545;0.733;0.543;0.608;0.774;0.407;0.307;0.712;0.913;0.758;0.353
172.26;1;0;5;3;12;10;2;1;0;0;0;0;0.254;0.750;0.915;0.738;0.243;0.364;0.000;0.000;0.000;0.000;0.000;0.000;0.405;0.545;0.733;0.543;0.608;0.774;0.407;0.307;0.712;0.913;0.758;0.353
173.26;1;0;5;3;12;10;2;1;0;0;0;0;0.254;0.750;0.915;0.738;0.243;0.364;0.000;0.000;0.000;0.000;0.000;0.000;0.405;0.545;0.733;0.543;0.608;0.774;0.407;0.307;0.712;0.913;0.758;0.353
174.26;1;0;5;3;12;10;2;1;0;0;0;0;0.254;0.750;0.915;0.738;0.243;0.364;0.000;0.000;0.000;0.000;0.000;0.000;0.405;0.545;0.733;0.543;0.608;0.774;0.407;0.307;0.712;0.913;0.758;0.353
175.26;1;0;5;3;12;10;2;1;0;0;0;0;0.254;0.750;0.915;0.738;0.243;0.364;0.000;0.000;0.000;0.000;0.000;0.000;0.405;0.545;0.733;0.543;0.608;0.774;0.407;0.307;0.712;0.913;0.758;0.353
176.27;1;0;5;3;12;10;2;1;0;0;0;0;0.254;0.750;0.915;0.738;0.243;0.364;0.000;0.000;0.000;0.000;0.000;0.000;0.405;0.545;0.733;0.543;0.608;0.774;0.407;0.307;0.712;0.913;0.758;0.353
177.27;1;0;5;3;12;10;2;1;0;0;0;0;0.254;0.750;0.915;0.738;0.243;0.364;0.000;0.000;0.000;0.000;0.000;0.000;0.405;0.545;0.733;0.543;0.608;0.774;0.407;0.307;0.712;0.913;0.758;0.353
178.27;1;0;5;3;12;10;2;1;0;0;0;0;0.254;0.750;0.915;0.738;0.243;0.364;0.000;0.000;0.000;0.000;0.000;0.000;0.405;0.545;0.733;0.543;0.608;0.774;0.407;0.307;0.712;0.913;0.758;0.353
179.27;1;0;5;3;12;10;2;1;0;0;0;0;0.254;0.750;0.915;0.738;0.243;0.364;0.000;0.000;0.000;0.000;0.000;0.000;0.405;0.545;0.733;0.543;0.608;0.774;0.407;0.307;0.712;0.913;0.758;0.353
180.27;1;0;5;3;12;10;2;1;0;0;1;0;0.254;0.750;0.915;0.738;0.243;0.364;0.000;0.000;0.000;0.000;0.000;0.000;0.405;0.545;0.733;0.543;0.608;0.774;0.407;0.307;0.712;0.913;0.758;0.353
181.27;1;0;5;3;12;10;2;1;0;0;0;0;0.254;0.750;0.915;0.738;0.243;0.364;0.000;0.000;0.000;0.000;0.000;0.000;0.405;0.545;0.733;0.543;0.608;0.774;0.407;0.307;0.712;0.913;0.758;0.353
182.27;1;0;5;3;12;10;2;1;0;0;0;0;0.254;0.750;0.915;0.738;0.243;0.364;0.000;0.000;0.000;0.000;0.000;0.000;0.405;0.545;0.733;0.543;0.608;0.774;0.407;0.307;0.712;0.913;0.758;0.353
183.28;1;0;5;3;12;10;2;1;0;0;0;0;0.254;0.750;0.915;0.738;0.243;0.364;0.000;0.000;0.000;0.000;0.000;0.000;0.405;0.545;0.733;0.543;0.608;0.774;0.407;0.307;0.712;0.913;0.758;0.353
184.28;1;0;5;3;12;10;2;1;0;0;0;0;0.254;0.750;0.915;0.738;0.243;0.364;0.000;0.000;0.000;0.000;0.000;0.000;0.405;0.545;0.733;0.543;0.608;0.774;0.407;0.307;0.712;0.913;0.758;0.353
185.28;1;0;5;3;12;10;2;1;0;0;0;0;0.254;0.750;0.915;0.738;0.243;0.364;0.000;0.000;0.000;0.000;0.000;0.000;0.405;0.545;0.733;0.543;0.608;0.774;0.407;0.307;0.712;0.913;0.758;0.353
186.28;1;0;5;3;12;10;2;1;0;0;0;0;0.254;0.750;0.915;0.738;0.243;0.364;0.000;0.000;0.000;0.000;0.000;0.000;0.405;0.545;0.733;0.543;0.608;0.774;0.407;0.307;0.712;0.913;0.758;0.353
187.28;1;0;5;3;12;10;2;1;0;0;0;0;0.254;0.750;0.915;0.738;0.243;0.364;0.000;0.000;0.000;0.000;0.000;0.000;0.405;0.545;0.733;0.543;0.608;0.774;0.407;0.307;0.712;0.913;0.758;0.353
188.29;1;0;5;3;12;10;2;1;0;0;0;0;0.254;0.750;0.915;0.738;0.243;0.364;0.000;0.000;0.000;0.000;0.000;0.000;0.405;0.545;0.733;0.543;0.608;0.774;0.407;0.307;0.712;0.913;0.758;0.353
189.29;1;0;5;3;12;10;2;1;0;0;0;0;0.254;0.750;0.915;0.738;0.243;0.364;0.000;0.000;0.000;0.000;0.000;0.000;0.405;0.545;0.733;0.543;0.608;0.774;0.407;0.307;0.712;0.913;0.758;0.353
190.29;1;0;5;3;12;10;2;1;0;0;0;0;0.254;0.750;0.915;0.738;0.243;0.364;0.000;0.000;0.000;0.000;0.000;0.000;0.405;0.545;0.733;0.543;0.608;0.774;0.407;0.307;0.712;0.913;0.758;0.353
191.29;1;0;5;3;12;10;2;1;0;0;0;0;0.254;0.750;0.915;0.738;0.243;0.364;0.000;0.000;0.000;0.000;0.000;0.000;0.405;0.545;0.733;0.543;0.608;0.774;0.407;0.307;0.712;0.913;0.758;0.353
192.29;1;0;5;3;12;10;2;1;0;0;0;0;0.254;0.750;0.915;0.738;0.243;0.364;0.000;0.000;0.000;0.000;0.000;0.000;0.405;0.545;0.733;0.543;0.608;0.774;0.407;0.307;0.712;0.913;0.758;0.353
193.29;1;0;5;3;12;10;2;1;0;0;0;0;0.254;0.750;0.915;0.738;0.243;0.364;0.000;0.000;0.000;0.000;0.000;0.000;0.405;0.545;0.733;0.543;0.608;0.774;0.407;0.307;0.712;0.913;0.758;0.353
194.29;1;0;5;3;12;10;2;1;0;0;0;0;0.254;0.750;0.915;0.738;0.243;0.364;0.000;0.000;0.000;0.000;0.000;0.000;0.405;0.545;0.733;0.543;0.608;0.774;0.407;0.307;0.712;0.913;0.758;0.353
195.29;1;0;5;3;12;10;2;1;0;0;0;0;0.254;0.750;0.915;0.738;0.243;0.364;0.000;0.000;0.000;0.000;0.000;0.000;0.405;0.545;0.733;0.543;0.608;0.774;0.407;0.307;0.712;0.913;0.758;0.353
196.30;1;0;5;3;12;10;2;1;0;0;0;0;0.254;0.750;0.915;0.738;0.243;0.364;0.000;0.000;0.000;0.000;0.000;0.000;0.405;0.545;0.733;0.543;0.608;0.774;0.407;0.307;0.712;0.913;0.758;0.353
197.30;1;0;4;2;14;10;4;1;0;0;0;0;0.254;0.750;0.915;0.738;0.243;0.364;0.000;0.000;0.000;0.000;0.000;0.000;0.318;0.513;0.752;0.570;0.549;0.735;0.471;0.173;0.778;0.917;0.748;0.201
198.30;1;0;4;2;14;10;4;1;0;0;0;0;0.254;0.750;0.915;0.738;0.243;0.364;0.000;0.000;0.000;0.000;0.000;0.000;0.318;0.513;0.752;0.570;0.549;0.735;0.471;0.173;0.778;0.917;0.748;0.201
199.30;1;0;4;2;14;10;4;1;0;0;0;0;0.254;0.750;0.915;0.738;0.243;0.364;0.000;0.000;0.000;0.000;0.000;0.000;0.318;0.513;0.752;0.570;0.549;0.735;0.471;0.173;0.778;0.917;0.748;0.201
200.30;1;0;4;2;14;10;4;1;0;0;0;0;0.254;0.750;0.915;0.738;0.243;0.364;0.000;0.000;0.000;0.000;0.000;0.000;0.318;0.513;0.752;0.570;0.549;0.735;0.471;0.173;0.778;0.917;0.748;0.201
201.30;1;0;4;2;14;10;4;1;0;0;0;0;0.254;0.750;0.915;0.738;0.243;0.364;0.000;0.000;0.000;0.000;0.000;0.000;0.318;0.513;0.752;0.570;0.549;0.735;0.471;0.173;0.778;0.917;0.748;0.201
202.31;1;0;4;2;14;10;4;1;0;0;0;0;0.254;0.750;0.915;0.738;0.243;0.364;0.000;0.000;0.000;0.000;0.000;0.000;0.318;0.513;0.752;0.570;0.549;0.735;0.471;0.173;0.778;0.917;0.748;0.201
203.31;1;0;4;2;14;10;4;1;0;0;0;0;0.254;0.750;0.915;0.738;0.243;0.364;0.000;0.000;0.000;0.000;0.000;0.000;0.318;0.513;0.752;0.570;0.549;0.735;0.471;0.173;0.778;0.917;0.748;0.201
204.31;1;0;4;2;14;10;4;1;0;0;0;0;0.254;0.750;0.915;0.738;0.243;0.364;0.000;0.000;0.000;0.000;0.000;0.000;0.318;0.513;0.752;0.570;0.549;0.735;0.471;0.173;0.778;0.917;0.748;0.201
205.31;1;0;4;2;14;10;4;1;0;0;0;0;0.254;0.750;0.915;0.738;0.243;0.364;0.000;0.000;0.000;0.000;0.000;0.000;0.318;0.513;0.752;0.570;0.549;0.735;0.471;0.173;0.778;0.917;0.748;0.201
206.31;1;0;4;2;14;10;4;1;0;1;0;0;0.254;0.750;0.915;0.738;0.243;0.364;0.000;0.000;0.000;0.000;0.000;0.000;0.318;0.513;0.752;0.570;0.549;0.735;0.471;0.173;0.778;0.917;0.748;0.201
207.31;0;0;4;2;15;11;4;1;1;0;0;0;0.000;0.000;0.000;0.000;0.000;0.000;0.000;0.000;0.000;0.000;0.000;0.000;0.318;0.513;0.752;0.570;0.549;0.735;0.471;0.173;0.778;0.917;0.748;0.201
208.31;0;0;4;2;15;11;4;1;0;0;0;0;0.000;0.000;0.000;0.000;0.000;0.000;0.000;0.000;0.000;0.000;0.000;0.000;0.318;0.513;0.752;0.570;0.549;0.735;0.471;0.173;0.778;0.917;0.748;0.201
209.31;0;0;4;2;15;11;4;1;0;0;0;0;0.000;0.000;0.000;0.000;0.000;0.000;0.000;0.000;0.000;0.000;0.000;0.000;0.318;0.513;0.752;0.570;0.549;0.735;0.471;0.173;0.778;0.917;0.748;0.201
210.31;0;0;4;2;15;11;4;1;0;0;0;0;0.000;0.000;0.000;0.000;0.000;0.000;0.000;0.000;0.000;0.000;0.000;0.000;0.318;0.513;0.752;0.570;0.549;0.735;0.471;0.173;0.778;0.917;0.748;0.201
211.31;0;0;4;2;15;11;4;1;0;0;0;0;0.000;0.000;0.000;0.000;0.000;0.000;0.000;0.000;0.000;0.000;0.000;0.000;0.318;0.513;0.752;0.570;0.549;0.735;0.471;0.173;0.778;0.917;0.748;0.201
212.32;0;0;4;2;15;11;4;1;0;0;0;0;0.000;0.000;0.000;0.000;0.000;0.000;0.000;0.000;0.000;0.000;0.000;0.000;0.318;0.513;0.752;0.570;0.549;0.735;0.471;0.173;0.778;0.917;0.748;0.201
213.32;0;0;4;2;15;11;4;1;0;0;0;0;0.000;0.000;0.000;0.000;0.000;0.000;0.000;0.000;0.000;0.000;0.000;0.000;0.318;0.513;0.752;0.570;0.549;0.735;0.471;0.173;0.778;0.917;0.748;0.201
214.32;0;0;4;2;15;11;4;1;0;0;0;0;0.000;0.000;0.000;0.000;0.000;0.000;0.000;0.000;0.000;0.000;0.000;0.000;0.318;0.513;0.752;0.570;0.549;0.735;0.471;0.173;0.778;0.917;0.748;0.201
215.32;0;0;4;2;15;11;4;1;0;0;0;0;0.000;0.000;0.000;0.000;0.000;0.000;0.000;0.000;0.000;0.000;0.000;0.000;0.318;0.513;0.752;0.570;0.549;0.735;0.471;0.173;0.778;0.917;0.748;0.201
216.32;0;0;4;2;15;11;4;1;0;0;0;0;0.000;0.000;0.000;0.000;0.000;0.000;0.000;0.000;0.000;0.000;0.000;0.000;0.318;0.513;0.752;0.570;0.549;0.735;0.471;0.173;0.778;0.917;0.748;0.201
217.32;0;0;3;2;16;11;5;1;0;0;0;0;0.000;0.000;0.000;0.000;0.000;0.000;0.000;0.000;0.000;0.000;0.000;0.000;0.333;0.614;0.765;0.525;0.455;0.876;0.471;0.173;0.778;0.917;0.748;0.201
218.32;0;0;3;2;16;11;5;1;0;0;0;0;0.000;0.000;0.000;0.000;0.000;0.000;0.000;0.000;0.000;0.000;0.000;0.000;0.333;0.614;0.765;0.525;0.455;0.876;0.471;0.173;0.778;0.917;0.748;0.201
219.32;0;0;3;2;16;11;5;1;0;0;0;0;0.000;0.000;0.000;0.000;0.000;0.000;0.000;0.000;0.000;0.000;0.000;0.000;0.333;0.614;0.765;0.525;0.455;0.876;0.471;0.173;0.778;0.917;0.748;0.201
220.33;0;0;2;2;17;11;6;1;0;0;1;0;0.000;0.000;0.000;0.000;0.000;0.000;0.000;0.000;0.000;0.000;0.000;0.000;0.202;0.582;0.669;0.402;0.459;0.883;0.471;0.173;0.778;0.917;0.748;0.201
221.33;0;0;2;2;17;11;6;1;0;0;0;0;0.000;0.000;0.000;0.000;0.000;0.000;0.000;0.000;0.000;0.000;0.000;0.000;0.202;0.582;0.669;0.402;0.459;0.883;0.471;0.173;0.778;0.917;0.748;0.201
222.33;0;0;2;2;17;11;6;1;0;0;0;0;0.000;0.000;0.000;0.000;0.000;0.000;0.000;0.000;0.000;0.000;0.000;0.000;0.202;0.582;0.669;0.402;0.459;0.883;0.471;0.173;0.778;0.917;0.748;0.201
223.33;0;0;2;2;17;11;6;1;0;0;0;0;0.000;0.000;0.000;0.000;0.000;0.000;0.000;0.000;0.000;0.000;0.000;0.000;0.202;0.582;0.669;0.402;0.459;0.883;0.471;0.173;0.778;0.917;0.748;0.201
224.33;0;0;2;2;17;11;6;1;0;0;0;0;0.000;0.000;0.000;0.000;0.000;0.000;0.000;0.000;0.000;0.000;0.000;0.000;0.202;0.582;0.669;0.402;0.459;0.883;0.471;0.173;0.778;0.917;0.748;0.201
225.33;0;0;2;2;17;11;6;1;0;0;0;0;0.000;0.000;0.000;0.000;0.000;0.000;0.000;0.000;0.000;0.000;0.000;0.000;0.202;0.582;0.669;0.402;0.459;0.883;0.471;0.173;0.778;0.917;0.748;0.201
226.33;0;0;2;2;17;11;6;1;0;0;0;0;0.000;0.000;0.000;0.000;0.000;0.000;0.000;0.000;0.000;0.000;0.000;0.000;0.202;0.582;0.669;0.402;0.459;0.883;0.471;0.173;0.778;0.917;0.748;0.201
227.34;0;0;2;2;17;11;6;1;0;0;0;0;0.000;0.000;0.000;0.000;0.000;0.000;0.000;0.000;0.000;0.000;0.000;0.000;0.202;0.582;0.669;0.402;0.459;0.883;0.471;0.173;0.778;0.917;0.748;0.201
228.34;0;0;2;2;17;11;6;1;0;0;0;0;0.000;0.000;0.000;0.000;0.000;0.000;0.000;0.000;0.000;0.000;0.000;0.000;0.202;0.582;0.669;0.402;0.459;0.883;0.471;0.173;0.778;0.917;0.748;0.201
229.34;0;0;2;2;17;11;6;1;0;0;0;0;0.000;0.000;0.000;0.000;0.000;0.000;0.000;0.000;0.000;0.000;0.000;0.000;0.202;0.582;0.669;0.402;0.459;0.883;0.471;0.173;0.778;0.917;0.748;0.201
230.34;0;0;2;2;17;11;6;1;0;0;0;0;0.000;0.000;0.000;0.000;0.000;0.000;0.000;0.000;0.000;0.000;0.000;0.000;0.202;0.582;0.669;0.402;0.459;0.883;0.471;0.173;0.778;0.917;0.748;0.201
231.34;0;0;2;2;17;11;6;1;0;0;0;0;0.000;0.000;0.000;0.000;0.000;0.000;0.000;0.000;0.000;0.000;0.000;0.000;0.202;0.582;0.669;0.402;0.459;0.883;0.471;0.173;0.778;0.917;0.748;0.201
232.34;0;0;2;2;17;11;6;1;0;0;0;0;0.000;0.000;0.000;0.000;0.000;0.000;0.000;0.000;0.000;0.000;0.000;0.000;0.202;0.582;0.669;0.402;0.459;0.883;0.471;0.173;0.778;0.917;0.748;0.201
233.34;0;0;2;2;17;11;6;1;0;0;0;0;0.000;0.000;0.000;0.000;0.000;0.000;0.000;0.000;0.000;0.000;0.000;0.000;0.202;0.582;0.669;0.402;0.459;0.883;0.471;0.173;0.778;0.917;0.748;0.201
234.35;0;0;2;2;17;11;6;1;0;0;0;0;0.000;0.000;0.000;0.000;0.000;0.000;0.000;0.000;0.000;0.000;0.000;0.000;0.202;0.582;0.669;0.402;0.459;0.883;0.471;0.173;0.778;0.917;0.748;0.201
235.35;0;0;2;2;17;11;6;1;0;0;0;0;0.000;0.000;0.000;0.000;0.000;0.000;0.000;0.000;0.000;0.000;0.000;0.000;0.202;0.582;0.669;0.402;0.459;0.883;0.471;0.173;0.778;0.917;0.748;0.201
236.35;0;0;1;2;18;11;7;1;0;0;0;0;0.000;0.000;0.000;0.000;0.000;0.000;0.000;0.000;0.000;0.000;0.000;0.000;0.082;0.843;0.770;0.274;0.043;0.814;0.471;0.173;0.778;0.917;0.748;0.201
237.35;0;0;1;2;18;11;7;1;0;0;0;0;0.000;0.000;0.000;0.000;0.000;0.000;0.000;0.000;0.000;0.000;0.000;0.000;0.082;0.843;0.770;0.274;0.043;0.814;0.471;0.173;0.778;0.917;0.748;0.201
238.35;0;0;1;2;18;11;7;1;0;0;0;0;0.000;0.000;0.000;0.000;0.000;0.000;0.000;0.000;0.000;0.000;0.000;0.000;0.082;0.843;0.770;0.274;0.043;0.814;0.471;0.173;0.778;0.917;0.748;0.201
239.35;0;0;1;2;18;11;7;1;0;0;0;0;0.000;0.000;0.000;0.000;0.000;0.000;0.000;0.000;0.000;0.000;0.000;0.000;0.082;0.843;0.770;0.274;0.043;0.814;0.471;0.173;0.778;0.917;0.748;0.201
240.35;0;0;1;2;18;11;7;1;0;0;0;0;0.000;0.000;0.000;0.000;0.000;0.000;0.000;0.000;0.000;0.000;0.000;0.000;0.082;0.843;0.770;0.274;0.043;0.814;0.471;0.173;0.778;0.917;0.748;0.201
241.35;0;0;1;2;18;11;7;1;0;0;0;0;0.000;0.000;0.000;0.000;0.000;0.000;0.000;0.000;0.000;0.000;0.000;0.000;0.082;0.843;0.770;0.274;0.043;0.814;0.471;0.173;0.778;0.917;0.748;0.201
242.36;0;0;1;2;18;11;7;1;0;0;0;0;0.000;0.000;0.000;0.000;0.000;0.000;0.000;0.000;0.000;0.000;0.000;0.000;0.082;0.843;0.770;0.274;0.043;0.814;0.471;0.173;0.778;0.917;0.748;0.201
243.36;0;0;1;2;18;11;7;1;0;0;0;0;0.000;0.000;0.000;0.000;0.000;0.000;0.000;0.000;0.000;0.000;0.000;0.000;0.082;0.843;0.770;0.274;0.043;0.814;0.471;0.173;0.778;0.917;0.748;0.201
244.36;0;0;1;2;18;11;7;1;0;0;0;0;0.000;0.000;0.000;0.000;0.000;0.000;0.000;0.000;0.000;0.000;0.000;0.000;0.082;0.843;0.770;0.274;0.043;0.814;0.471;0.173;0.778;0.917;0.748;0.201
245.36;0;0;1;2;18;11;7;1;0;0;0;0;0.000;0.000;0.000;0.000;0.000;0.000;0.000;0.000;0.000;0.000;0.000;0.000;0.082;0.843;0.770;0.274;0.043;0.814;0.471;0.173;0.778;0.917;0.748;0.201
246.36;0;0;1;2;18;11;7;1;0;0;0;0;0.000;0.000;0.000;0.000;0.000;0.000;0.000;0.000;0.000;0.000;0.000;0.000;0.082;0.843;0.770;0.274;0.043;0.814;0.471;0.173;0.778;0.917;0.748;0.201
247.36;0;0;1;2;18;11;7;1;0;0;0;0;0.000;0.000;0.000;0.000;0.000;0.000;0.000;0.000;0.000;0.000;0.000;0.000;0.082;0.843;0.770;0.274;0.043;0.814;0.471;0.173;0.778;0.917;0.748;0.201
248.36;0;0;1;2;18;11;7;1;0;0;0;0;0.000;0.000;0.000;0.000;0.000;0.000;0.000;0.000;0.000;0.000;0.000;0.000;0.082;0.843;0.770;0.274;0.043;0.814;0.471;0.173;0.778;0.917;0.748;0.201
249.36;0;0;1;2;18;11;7;1;0;0;0;0;0.000;0.000;0.000;0.000;0.000;0.000;0.000;0.000;0.000;0.000;0.000;0.000;0.082;0.843;0.770;0.274;0.043;0.814;0.471;0.173;0.778;0.917;0.748;0.201
250.36;0;0;1;2;18;11;7;1;0;0;0;0;0.000;0.000;0.000;0.000;0.000;0.000;0.000;0.000;0.000;0.000;0.000;0.000;0.082;0.843;0.770;0.274;0.043;0.814;0.471;0.173;0.778;0.917;0.748;0.201
251.36;0;0;1;2;18;11;7;1;0;0;0;0;0.000;0.000;0.000;0.000;0.000;0.000;0.000;0.000;0.000;0.000;0.000;0.000;0.082;0.843;0.770;0.274;0.043;0.814;0.471;0.173;0.778;0.917;0.748;0.201
252.36;0;0;1;2;18;11;7;1;0;0;0;0;0.000;0.000;0.000;0.000;0.000;0.000;0.000;0.000;0.000;0.000;0.000;0.000;0.082;0.843;0.770;0.274;0.043;0.814;0.471;0.173;0.778;0.917;0.748;0.201
253.37;0;0;1;2;18;11;7;1;0;0;0;0;0.000;0.000;0.000;0.000;0.000;0.000;0.000;0.000;0.000;0.000;0.000;0.000;0.082;0.843;0.770;0.274;0.043;0.814;0.471;0.173;0.778;0.917;0.748;0.201
254.37;0;0;1;2;18;11;7;1;0;0;0;0;0.000;0.000;0.000;0.000;0.000;0.000;0.000;0.000;0.000;0.000;0.000;0.000;0.082;0.843;0.770;0.274;0.043;0.814;0.471;0.173;0.778;0.917;0.748;0.201
255.37;0;0;1;2;18;11;7;1;0;0;0;0;0.000;0.000;0.000;0.000;0.000;0.000;0.000;0.000;0.000;0.000;0.000;0.000;0.082;0.843;0.770;0.274;0.043;0.814;0.471;0.173;0.778;0.917;0.748;0.201
256.37;0;0;1;2;18;11;7;1;0;0;0;0;0.000;0.000;0.000;0.000;0.000;0.000;0.000;0.000;0.000;0.000;0.000;0.000;0.082;0.843;0.770;0.274;0.043;0.814;0.471;0.173;0.778;0.917;0.748;0.201
257.37;0;0;1;2;18;11;7;1;0;0;0;0;0.000;0.000;0.000;0.000;0.000;0.000;0.000;0.000;0.000;0.000;0.000;0.000;0.082;0.843;0.770;0.274;0.043;0.814;0.471;0.173;0.778;0.917;0.748;0.201
258.37;0;0;1;2;18;11;7;1;0;0;0;0;0.000;0.000;0.000;0.000;0.000;0.000;0.000;0.000;0.000;0.000;0.000;0.000;0.082;0.843;0.770;0.274;0.043;0.814;0.471;0.173;0.778;0.917;0.748;0.201
259.37;0;0;1;2;18;11;7;1;0;0;0;0;0.000;0.000;0.000;0.000;0.000;0.000;0.000;0.000;0.000;0.000;0.000;0.000;0.082;0.843;0.770;0.274;0.043;0.814;0.471;0.173;0.778;0.917;0.748;0.201
260.38;0;0;1;2;18;11;7;1;0;0;0;0;0.000;0.000;0.000;0.000;0.000;0.000;0.000;0.000;0.000;0.000;0.000;0.000;0.082;0.843;0.770;0.274;0.043;0.814;0.471;0.173;0.778;0.917;0.748;0.201
261.38;0;0;1;2;18;11;7;1;0;0;0;0;0.000;0.000;0.000;0.000;0.000;0.000;0.000;0.000;0.000;0.000;0.000;0.000;0.082;0.843;0.770;0.274;0.043;0.814;0.471;0.173;0.778;0.917;0.748;0.201
262.38;0;0;1;2;18;11;7;1;0;0;0;0;0.000;0.000;0.000;0.000;0.000;0.000;0.000;0.000;0.000;0.000;0.000;0.000;0.082;0.843;0.770;0.274;0.043;0.814;0.471;0.173;0.778;0.917;0.748;0.201
263.38;0;0;1;2;18;11;7;1;0;0;0;0;0.000;0.000;0.000;0.000;0.000;0.000;0.000;0.000;0.000;0.000;0.000;0.000;0.082;0.843;0.770;0.274;0.043;0.814;0.471;0.173;0.778;0.917;0.748;0.201
264.38;0;0;1;2;18;11;7;1;0;0;0;0;0.000;0.000;0.000;0.000;0.000;0.000;0.000;0.000;0.000;0.000;0.000;0.000;0.082;0.843;0.770;0.274;0.043;0.814;0.471;0.173;0.778;0.917;0.748;0.201
265.39;0;0;1;2;18;11;7;1;0;0;0;0;0.000;0.000;0.000;0.000;0.000;0.000;0.000;0.000;0.000;0.000;0.000;0.000;0.082;0.843;0.770;0.274;0.043;0.814;0.471;0.173;0.778;0.917;0.748;0.201
266.39;0;0;1;2;18;11;7;1;0;0;0;0;0.000;0.000;0.000;0.000;0.000;0.000;0.000;0.000;0.000;0.000;0.000;0.000;0.082;0.843;0.770;0.274;0.043;0.814;0.471;0.173;0.778;0.917;0.748;0.201
267.39;0;0;1;2;18;11;7;1;0;0;0;0;0.000;0.000;0.000;0.000;0.000;0.000;0.000;0.000;0.000;0.000;0.000;0.000;0.082;0.843;0.770;0.274;0.043;0.814;0.471;0.173;0.778;0.917;0.748;0.201
268.39;0;0;1;2;18;11;7;1;0;0;0;0;0.000;0.000;0.000;0.000;0.000;0.000;0.000;0.000;0.000;0.000;0.000;0.000;0.082;0.843;0.770;0.274;0.043;0.814;0.471;0.173;0.778;0.917;0.748;0.201
269.39;0;0;1;2;18;11;7;1;0;0;0;0;0.000;0.000;0.000;0.000;0.000;0.000;0.000;0.000;0.000;0.000;0.000;0.000;0.082;0.843;0.770;0.274;0.043;0.814;0.471;0.173;0.778;0.917;0.748;0.201
270.39;0;0;1;2;18;11;7;1;0;0;0;0;0.000;0.000;0.000;0.000;0.000;0.000;0.000;0.000;0.000;0.000;0.000;0.000;0.082;0.843;0.770;0.274;0.043;0.814;0.471;0.173;0.778;0.917;0.748;0.201
271.39;0;0;1;2;18;11;7;1;0;0;0;0;0.000;0.000;0.000;0.000;0.000;0.000;0.000;0.000;0.000;0.000;0.000;0.000;0.082;0.843;0.770;0.274;0.043;0.814;0.471;0.173;0.778;0.917;0.748;0.201
272.39;0;0;1;2;18;11;7;1;0;0;0;0;0.000;0.000;0.000;0.000;0.000;0.000;0.000;0.000;0.000;0.000;0.000;0.000;0.082;0.843;0.770;0.274;0.043;0.814;0.471;0.173;0.778;0.917;0.748;0.201
273.40;0;0;1;2;18;11;7;1;0;0;0;0;0.000;0.000;0.000;0.000;0.000;0.000;0.000;0.000;0.000;0.000;0.000;0.000;0.082;0.843;0.770;0.274;0.043;0.814;0.471;0.173;0.778;0.917;0.748;0.201
274.40;0;0;1;2;18;11;7;1;0;0;0;0;0.000;0.000;0.000;0.000;0.000;0.000;0.000;0.000;0.000;0.000;0.000;0.000;0.082;0.843;0.770;0.274;0.043;0.814;0.471;0.173;0.778;0.917;0.748;0.201
275.40;0;0;1;2;18;11;7;1;0;0;0;0;0.000;0.000;0.000;0.000;0.000;0.000;0.000;0.000;0.000;0.000;0.000;0.000;0.082;0.843;0.770;0.274;0.043;0.814;0.471;0.173;0.778;0.917;0.748;0.201
276.40;0;0;1;2;18;11;7;1;0;0;0;0;0.000;0.000;0.000;0.000;0.000;0.000;0.000;0.000;0.000;0.000;0.000;0.000;0.082;0.843;0.770;0.274;0.043;0.814;0.471;0.173;0.778;0.917;0.748;0.201
277.40;0;0;1;2;18;11;7;1;0;0;0;0;0.000;0.000;0.000;0.000;0.000;0.000;0.000;0.000;0.000;0.000;0.000;0.000;0.082;0.843;0.770;0.274;0.043;0.814;0.471;0.173;0.778;0.917;0.748;0.201
278.40;0;0;1;2;18;11;7;1;0;0;0;0;0.000;0.000;0.000;0.000;0.000;0.000;0.000;0.000;0.000;0.000;0.000;0.000;0.082;0.843;0.770;0.274;0.043;0.814;0.471;0.173;0.778;0.917;0.748;0.201
279.40;0;0;1;1;19;11;8;1;0;0;0;0;0.000;0.000;0.000;0.000;0.000;0.000;0.000;0.000;0.000;0.000;0.000;0.000;0.082;0.843;0.770;0.274;0.043;0.814;0.332;0.068;0.895;0.890;0.877;0.382
280.41;0;0;1;1;19;11;8;1;0;0;0;0;0.000;0.000;0.000;0.000;0.000;0.000;0.000;0.000;0.000;0.000;0.000;0.000;0.082;0.843;0.770;0.274;0.043;0.814;0.332;0.068;0.895;0.890;0.877;0.382
281.41;0;0;1;1;19;11;8;1;0;0;0;0;0.000;0.000;0.000;0.000;0.000;0.000;0.000;0.000;0.000;0.000;0.000;0.000;0.082;0.843;0.770;0.274;0.043;0.814;0.332;0.068;0.895;0.890;0.877;0.382
282.41;0;0;1;1;19;11;8;1;0;0;0;0;0.000;0.000;0.000;0.000;0.000;0.000;0.000;0.000;0.000;0.000;0.000;0.000;0.082;0.843;0.770;0.274;0.043;0.814;0.332;0.068;0.895;0.890;0.877;0.382
283.41;0;0;1;1;19;11;8;1;0;0;0;0;0.000;0.000;0.000;0.000;0.000;0.000;0.000;0.000;0.000;0.000;0.000;0.000;0.082;0.843;0.770;0.274;0.043;0.814;0.332;0.068;0.895;0.890;0.877;0.382
284.41;0;0;1;1;19;11;8;1;0;0;0;0;0.000;0.000;0.000;0.000;0.000;0.000;0.000;0.000;0.000;0.000;0.000;0.000;0.082;0.843;0.770;0.274;0.043;0.814;0.332;0.068;0.895;0.890;0.877;0.382
285.41;0;0;1;1;19;11;8;1;0;0;0;0;0.000;0.000;0.000;0.000;0.000;0.000;0.000;0.000;0.000;0.000;0.000;0.000;0.082;0.843;0.770;0.274;0.043;0.814;0.332;0.068;0.895;0.890;0.877;0.382
286.41;0;0;1;1;19;11;8;1;0;0;0;0;0.000;0.000;0.000;0.000;0.000;0.000;0.000;0.000;0.000;0.000;0.000;0.000;0.082;0.843;0.770;0.274;0.043;0.814;0.332;0.068;0.895;0.890;0.877;0.382
287.42;0;0;1;1;19;11;8;1;0;0;0;0;0.000;0.000;0.000;0.000;0.000;0.000;0.000;0.000;0.000;0.000;0.000;0.000;0.082;0.843;0.770;0.274;0.043;0.814;0.332;0.068;0.895;0.890;0.877;0.382
288.42;0;0;1;1;19;11;8;1;0;0;0;0;0.000;0.000;0.000;0.000;0.000;0.000;0.000;0.000;0.000;0.000;0.000;0.000;0.082;0.843;0.770;0.274;0.043;0.814;0.332;0.068;0.895;0.890;0.877;0.382
289.42;0;0;1;1;19;11;8;1;0;0;0;0;0.000;0.000;0.000;0.000;0.000;0.000;0.000;0.000;0.000;0.000;0.000;0.000;0.082;0.843;0.770;0.274;0.043;0.814;0.332;0.068;0.895;0.890;0.877;0.382
290.42;0;0;1;1;19;11;8;1;0;0;0;0;0.000;0.000;0.000;0.000;0.000;0.000;0.000;0.000;0.000;0.000;0.000;0.000;0.082;0.843;0.770;0.274;0.043;0.814;0.332;0.068;0.895;0.890;0.877;0.382
291.42;0;0;1;0;20;11;9;1;0;0;0;0;0.000;0.000;0.000;0.000;0.000;0.000;0.000;0.000;0.000;0.000;0.000;0.000;0.082;0.843;0.770;0.274;0.043;0.814;0.000;0.000;0.000;0.000;0.000;0.000
292.42;0;0;1;0;20;11;9;1;0;0;0;0;0.000;0.000;0.000;0.000;0.000;0.000;0.000;0.000;0.000;0.000;0.000;0.000;0.082;0.843;0.770;0.274;0.043;0.814;0.000;0.000;0.000;0.000;0.000;0.000
293.42;0;0;1;0;20;11;9;1;0;0;0;0;0.000;0.000;0.000;0.000;0.000;0.000;0.000;0.000;0.000;0.000;0.000;0.000;0.082;0.843;0.770;0.274;0.043;0.814;0.000;0.000;0.000;0.000;0.000;0.000
294.42;0;0;1;0;20;11;9;1;0;0;0;0;0.000;0.000;0.000;0.000;0.000;0.000;0.000;0.000;0.000;0.000;0.000;0.000;0.082;0.843;0.770;0.274;0.043;0.814;0.000;0.000;0.000;0.000;0.000;0.000
295.43;0;0;1;0;20;11;9;1;0;0;0;0;0.000;0.000;0.000;0.000;0.000;0.000;0.000;0.000;0.000;0.000;0.000;0.000;0.082;0.843;0.770;0.274;0.043;0.814;0.000;0.000;0.000;0.000;0.000;0.000
296.43;0;0;1;0;20;11;9;1;0;0;0;0;0.000;0.000;0.000;0.000;0.000;0.000;0.000;0.000;0.000;0.000;0.000;0.000;0.082;0.843;0.770;0.274;0.043;0.814;0.000;0.000;0.000;0.000;0.000;0.000
297.43;0;0;1;0;20;11;9;1;0;0;0;0;0.000;0.000;0.000;0.000;0.000;0.000;0.000;0.000;0.000;0.000;0.000;0.000;0.082;0.843;0.770;0.274;0.043;0.814;0.000;0.000;0.000;0.000;0.000;0.000
298.43;0;0;1;0;20;11;9;1;0;0;0;0;0.000;0.000;0.000;0.000;0.000;0.000;0.000;0.000;0.000;0.000;0.000;0.000;0.082;0.843;0.770;0.274;0.043;0.814;0.000;0.000;0.000;0.000;0.000;0.000
299.43;0;0;0;0;21;11;10;1;0;0;0;0;0.000;0.000;0.000;0.000;0.000;0.000;0.000;0.000;0.000;0.000;0.000;0.000;0.000;0.000;0.000;0.000;0.000;0.000;0.000;0.000;0.000;0.000;0.000;0.000
300.44;0;0;0;0;21;11;10;1;0;0;0;0;0.000;0.000;0.000;0.000;0.000;0.000;0.000;0.000;0.000;0.000;0.000;0.000;0.000;0.000;0.000;0.000;0.000;0.000;0.000;0.000;0.000;0.000;0.000;0.000
301.44;0;0;0;0;21;11;10;1;0;0;0;0;0.000;0.000;0.000;0.000;0.000;0.000;0.000;0.000;0.000;0.000;0.000;0.000;0.000;0.000;0.000;0.000;0.000;0.000;0.000;0.000;0.000;0.000;0.000;0.000
302.44;0;0;0;0;21;11;10;1;0;0;0;0;0.000;0.000;0.000;0.000;0.000;0.000;0.000;0.000;0.000;0.000;0.000;0.000;0.000;0.000;0.000;0.000;0.000;0.000;0.000;0.000;0.000;0.000;0.000;0.000
303.44;0;0;0;0;21;11;10;1;0;0;0;0;0.000;0.000;0.000;0.000;0.000;0.000;0.000;0.000;0.000;0.000;0.000;0.000;0.000;0.000;0.000;0.000;0.000;0.000;0.000;0.000;0.000;0.000;0.000;0.000
304.44;0;0;0;0;21;11;10;1;0;0;0;0;0.000;0.000;0.000;0.000;0.000;0.000;0.000;0.000;0.000;0.000;0.000;0.000;0.000;0.000;0.000;0.000;0.000;0.000;0.000;0.000;0.000;0.000;0.000;0.000
305.44;0;0;0;0;21;11;10;1;0;0;0;0;0.000;0.000;0.000;0.000;0.000;0.000;0.000;0.000;0.000;0.000;0.000;0.000;0.000;0.000;0.000;0.000;0.000;0.000;0.000;0.000;0.000;0.000;0.000;0.000
306.44;0;0;0;0;21;11;10;1;0;0;0;0;0.000;0.000;0.000;0.000;0.000;0.000;0.000;0.000;0.000;0.000;0.000;0.000;0.000;0.000;0.000;0.000;0.000;0.000;0.000;0.000;0.000;0.000;0.000;0.000
307.44;0;0;0;0;21;11;10;1;0;0;0;0;0.000;0.000;0.000;0.000;0.000;0.000;0.000;0.000;0.000;0.000;0.000;0.000;0.000;0.000;0.000;0.000;0.000;0.000;0.000;0.000;0.000;0.000;0.000;0.000
308.44;0;0;0;0;21;11;10;1;0;0;0;0;0.000;0.000;0.000;0.000;0.000;0.000;0.000;0.000;0.000;0.000;0.000;0.000;0.000;0.000;0.000;0.000;0.000;0.000;0.000;0.000;0.000;0.000;0.000;0.000
309.45;0;0;0;0;21;11;10;1;0;0;0;0;0.000;0.000;0.000;0.000;0.000;0.000;0.000;0.000;0.000;0.000;0.000;0.000;0.000;0.000;0.000;0.000;0.000;0.000;0.000;0.000;0.000;0.000;0.000;0.000
310.45;0;0;0;0;21;11;10;1;0;0;0;0;0.000;0.000;0.000;0.000;0.000;0.000;0.000;0.000;0.000;0.000;0.000;0.000;0.000;0.000;0.000;0.000;0.000;0.000;0.000;0.000;0.000;0.000;0.000;0.000
311.45;0;0;0;0;21;11;10;1;0;0;0;0;0.000;0.000;0.000;0.000;0.000;0.000;0.000;0.000;0.000;0.000;0.000;0.000;0.000;0.000;0.000;0.000;0.000;0.000;0.000;0.000;0.000;0.000;0.000;0.000
312.45;0;0;0;0;21;11;10;1;0;0;0;0;0.000;0.000;0.000;0.000;0.000;0.000;0.000;0.000;0.000;0.000;0.000;0.000;0.000;0.000;0.000;0.000;0.000;0.000;0.000;0.000;0.000;0.000;0.000;0.000
313.45;0;0;0;0;21;11;10;1;0;0;0;0;0.000;0.000;0.000;0.000;0.000;0.000;0.000;0.000;0.000;0.000;0.000;0.000;0.000;0.000;0.000;0.000;0.000;0.000;0.000;0.000;0.000;0.000;0.000;0.000
314.45;0;0;0;0;21;11;10;1;0;0;0;0;0.000;0.000;0.000;0.000;0.000;0.000;0.000;0.000;0.000;0.000;0.000;0.000;0.000;0.000;0.000;0.000;0.000;0.000;0.000;0.000;0.000;0.000;0.000;0.000
315.45;0;0;0;0;21;11;10;1;0;0;0;0;0.000;0.000;0.000;0.000;0.000;0.000;0.000;0.000;0.000;0.000;0.000;0.000;0.000;0.000;0.000;0.000;0.000;0.000;0.000;0.000;0.000;0.000;0.000;0.000
316.45;0;0;0;0;21;11;10;1;0;0;0;0;0.000;0.000;0.000;0.000;0.000;0.000;0.000;0.000;0.000;0.000;0.000;0.000;0.000;0.000;0.000;0.000;0.000;0.000;0.000;0.000;0.000;0.000;0.000;0.000
317.46;0;0;0;0;21;11;10;1;0;0;0;0;0.000;0.000;0.000;0.000;0.000;0.000;0.000;0.000;0.000;0.000;0.000;0.000;0.000;0.000;0.000;0.000;0.000;0.000;0.000;0.000;0.000;0.000;0.000;0.000
318.46;0;0;0;0;21;11;10;1;0;0;0;0;0.000;0.000;0.000;0.000;0.000;0.000;0.000;0.000;0.000;0.000;0.000;0.000;0.000;0.000;0.000;0.000;0.000;0.000;0.000;0.000;0.000;0.000;0.000;0.000
319.46;0;0;0;0;21;11;10;1;0;0;0;0;0.000;0.000;0.000;0.000;0.000;0.000;0.000;0.000;0.000;0.000;0.000;0.000;0.000;0.000;0.000;0.000;0.000;0.000;0.000;0.000;0.000;0.000;0.000;0.000
320.46;0;0;0;0;21;11;10;1;0;0;0;0;0.000;0.000;0.000;0.000;0.000;0.000;0.000;0.000;0.000;0.000;0.000;0.000;0.000;0.000;0.000;0.000;0.000;0.000;0.000;0.000;0.000;0.000;0.000;0.000
321.46;0;0;0;0;21;11;10;1;0;0;0;0;0.000;0.000;0.000;0.000;0.000;0.000;0.000;0.000;0.000;0.000;0.000;0.000;0.000;0.000;0.000;0.000;0.000;0.000;0.000;0.000;0.000;0.000;0.000;0.000
322.46;0;0;0;0;21;11;10;1;0;0;0;0;0.000;0.000;0.000;0.000;0.000;0.000;0.000;0.000;0.000;0.000;0.000;0.000;0.000;0.000;0.000;0.000;0.000;0.000;0.000;0.000;0.000;0.000;0.000;0.000
323.46;0;0;0;0;21;11;10;1;0;0;0;0;0.000;0.000;0.000;0.000;0.000;0.000;0.000;0.000;0.000;0.000;0.000;0.000;0.000;0.000;0.000;0.000;0.000;0.000;0.000;0.000;0.000;0.000;0.000;0.000
324.46;0;0;0;0;21;11;10;1;0;0;0;0;0.000;0.000;0.000;0.000;0.000;0.000;0.000;0.000;0.000;0.000;0.000;0.000;0.000;0.000;0.000;0.000;0.000;0.000;0.000;0.000;0.000;0.000;0.000;0.000
325.47;0;0;0;0;21;11;10;1;0;0;0;0;0.000;0.000;0.000;0.000;0.000;0.000;0.000;0.000;0.000;0.000;0.000;0.000;0.000;0.000;0.000;0.000;0.000;0.000;0.000;0.000;0.000;0.000;0.000;0.000
326.47;0;0;0;0;21;11;10;1;0;0;0;0;0.000;0.000;0.000;0.000;0.000;0.000;0.000;0.000;0.000;0.000;0.000;0.000;0.000;0.000;0.000;0.000;0.000;0.000;0.000;0.000;0.000;0.000;0.000;0.000
327.47;0;0;0;0;21;11;10;1;0;0;0;0;0.000;0.000;0.000;0.000;0.000;0.000;0.000;0.000;0.000;0.000;0.000;0.000;0.000;0.000;0.000;0.000;0.000;0.000;0.000;0.000;0.000;0.000;0.000;0.000
328.47;0;0;0;0;21;11;10;1;0;0;0;0;0.000;0.000;0.000;0.000;0.000;0.000;0.000;0.000;0.000;0.000;0.000;0.000;0.000;0.000;0.000;0.000;0.000;0.000;0.000;0.000;0.000;0.000;0.000;0.000
329.47;0;0;0;0;21;11;10;1;0;0;0;0;0.000;0.000;0.000;0.000;0.000;0.000;0.000;0.000;0.000;0.000;0.000;0.000;0.000;0.000;0.000;0.000;0.000;0.000;0.000;0.000;0.000;0.000;0.000;0.000
330.47;0;0;0;0;21;11;10;1;0;0;0;0;0.000;0.000;0.000;0.000;0.000;0.000;0.000;0.000;0.000;0.000;0.000;0.000;0.000;0.000;0.000;0.000;0.000;0.000;0.000;0.000;0.000;0.000;0.000;0.000
331.47;0;0;0;0;21;11;10;1;0;0;0;0;0.000;0.000;0.000;0.000;0.000;0.000;0.000;0.000;0.000;0.000;0.000;0.000;0.000;0.000;0.000;0.000;0.000;0.000;0.000;0.000;0.000;0.000;0.000;0.000
332.47;0;0;0;0;21;11;10;1;0;0;0;0;0.000;0.000;0.000;0.000;0.000;0.000;0.000;0.000;0.000;0.000;0.000;0.000;0.000;0.000;0.000;0.000;0.000;0.000;0.000;0.000;0.000;0.000;0.000;0.000
333.47;0;0;0;0;21;11;10;1;0;0;0;0;0.000;0.000;0.000;0.000;0.000;0.000;0.000;0.000;0.000;0.000;0.000;0.000;0.000;0.000;0.000;0.000;0.000;0.000;0.000;0.000;0.000;0.000;0.000;0.000
334.47;0;0;0;0;21;11;10;1;0;0;0;0;0.000;0.000;0.000;0.000;0.000;0.000;0.000;0.000;0.000;0.000;0.000;0.000;0.000;0.000;0.000;0.000;0.000;0.000;0.000;0.000;0.000;0.000;0.000;0.000
335.47;0;0;0;0;21;11;10;1;0;0;0;0;0.000;0.000;0.000;0.000;0.000;0.000;0.000;0.000;0.000;0.000;0.000;0.000;0.000;0.000;0.000;0.000;0.000;0.000;0.000;0.000;0.000;0.000;0.000;0.000
336.48;0;0;0;0;21;11;10;1;0;0;0;0;0.000;0.000;0.000;0.000;0.000;0.000;0.000;0.000;0.000;0.000;0.000;0.000;0.000;0.000;0.000;0.000;0.000;0.000;0.000;0.000;0.000;0.000;0.000;0.000
337.48;0;0;0;0;21;11;10;1;0;0;0;0;0.000;0.000;0.000;0.000;0.000;0.000;0.000;0.000;0.000;0.000;0.000;0.000;0.000;0.000;0.000;0.000;0.000;0.000;0.000;0.000;0.000;0.000;0.000;0.000
338.48;0;0;0;0;21;11;10;1;0;0;0;0;0.000;0.000;0.000;0.000;0.000;0.000;0.000;0.000;0.000;0.000;0.000;0.000;0.000;0.000;0.000;0.000;0.000;0.000;0.000;0.000;0.000;0.000;0.000;0.000
339.48;0;0;0;0;21;11;10;1;0;0;0;0;0.000;0.000;0.000;0.000;0.000;0.000;0.000;0.000;0.000;0.000;0.000;0.000;0.000;0.000;0.000;0.000;0.000;0.000;0.000;0.000;0.000;0.000;0.000;0.000
340.48;0;0;0;0;21;11;10;1;0;0;0;0;0.000;0.000;0.000;0.000;0.000;0.000;0.000;0.000;0.000;0.000;0.000;0.000;0.000;0.000;0.000;0.000;0.000;0.000;0.000;0.000;0.000;0.000;0.000;0.000
341.48;0;0;0;0;21;11;10;1;0;0;0;0;0.000;0.000;0.000;0.000;0.000;0.000;0.000;0.000;0.000;0.000;0.000;0.000;0.000;0.000;0.000;0.000;0.000;0.000;0.000;0.000;0.000;0.000;0.000;0.000
342.48;0;0;0;0;21;11;10;1;0;0;0;0;0.000;0.000;0.000;0.000;0.000;0.000;0.000;0.000;0.000;0.000;0.000;0.000;0.000;0.000;0.000;0.000;0.000;0.000;0.000;0.000;0.000;0.000;0.000;0.000
343.48;0;0;0;0;21;11;10;1;0;0;0;0;0.000;0.000;0.000;0.000;0.000;0.000;0.000;0.000;0.000;0.000;0.000;0.000;0.000;0.000;0.000;0.000;0.000;0.000;0.000;0.000;0.000;0.000;0.000;0.000
344.49;0;0;0;0;21;11;10;1;0;0;0;0;0.000;0.000;0.000;0.000;0.000;0.000;0.000;0.000;0.000;0.000;0.000;0.000;0.000;0.000;0.000;0.000;0.000;0.000;0.000;0.000;0.000;0.000;0.000;0.000
345.49;0;0;0;0;21;11;10;1;0;0;0;0;0.000;0.000;0.000;0.000;0.000;0.000;0.000;0.000;0.000;0.000;0.000;0.000;0.000;0.000;0.000;0.000;0.000;0.000;0.000;0.000;0.000;0.000;0.000;0.000
346.49;0;0;0;0;21;11;10;1;0;0;0;0;0.000;0.000;0.000;0.000;0.000;0.000;0.000;0.000;0.000;0.000;0.000;0.000;0.000;0.000;0.000;0.000;0.000;0.000;0.000;0.000;0.000;0.000;0.000;0.000
347.49;0;0;0;0;21;11;10;1;0;0;0;0;0.000;0.000;0.000;0.000;0.000;0.000;0.000;0.000;0.000;0.000;0.000;0.000;0.000;0.000;0.000;0.000;0.000;0.000;0.000;0.000;0.000;0.000;0.000;0.000
348.49;0;0;0;0;21;11;10;1;0;0;0;0;0.000;0.000;0.000;0.000;0.000;0.000;0.000;0.000;0.000;0.000;0.000;0.000;0.000;0.000;0.000;0.000;0.000;0.000;0.000;0.000;0.000;0.000;0.000;0.000
349.49;0;0;0;0;21;11;10;1;0;0;0;0;0.000;0.000;0.000;0.000;0.000;0.000;0.000;0.000;0.000;0.000;0.000;0.000;0.000;0.000;0.000;0.000;0.000;0.000;0.000;0.000;0.000;0.000;0.000;0.000
350.49;0;0;0;0;21;11;10;1;0;0;0;0;0.000;0.000;0.000;0.000;0.000;0.000;0.000;0.000;0.000;0.000;0.000;0.000;0.000;0.000;0.000;0.000;0.000;0.000;0.000;0.000;0.000;0.000;0.000;0.000
351.50;0;0;0;0;21;11;10;1;0;0;0;0;0.000;0.000;0.000;0.000;0.000;0.000;0.000;0.000;0.000;0.000;0.000;0.000;0.000;0.000;0.000;0.000;0.000;0.000;0.000;0.000;0.000;0.000;0.000;0.000
352.50;0;0;0;0;21;11;10;1;0;0;0;0;0.000;0.000;0.000;0.000;0.000;0.000;0.000;0.000;0.000;0.000;0.000;0.000;0.000;0.000;0.000;0.000;0.000;0.000;0.000;0.000;0.000;0.000;0.000;0.000
353.50;0;0;0;0;21;11;10;1;0;0;0;0;0.000;0.000;0.000;0.000;0.000;0.000;0.000;0.000;0.000;0.000;0.000;0.000;0.000;0.000;0.000;0.000;0.000;0.000;0.000;0.000;0.000;0.000;0.000;0.000
354.50;0;0;0;0;21;11;10;1;0;0;0;0;0.000;0.000;0.000;0.000;0.000;0.000;0.000;0.000;0.000;0.000;0.000;0.000;0.000;0.000;0.000;0.000;0.000;0.000;0.000;0.000;0.000;0.000;0.000;0.000
355.50;0;0;0;0;21;11;10;1;0;0;0;0;0.000;0.000;0.000;0.000;0.000;0.000;0.000;0.000;0.000;0.000;0.000;0.000;0.000;0.000;0.000;0.000;0.000;0.000;0.000;0.000;0.000;0.000;0.000;0.000
356.50;0;0;0;0;21;11;10;1;0;0;0;0;0.000;0.000;0.000;0.000;0.000;0.000;0.000;0.000;0.000;0.000;0.000;0.000;0.000;0.000;0.000;0.000;0.000;0.000;0.000;0.000;0.000;0.000;0.000;0.000
357.50;0;0;0;0;21;11;10;1;0;0;0;0;0.000;0.000;0.000;0.000;0.000;0.000;0.000;0.000;0.000;0.000;0.000;0.000;0.000;0.000;0.000;0.000;0.000;0.000;0.000;0.000;0.000;0.000;0.000;0.000
358.51;0;0;0;0;21;11;10;1;0;0;0;0;0.000;0.000;0.000;0.000;0.000;0.000;0.000;0.000;0.000;0.000;0.000;0.000;0.000;0.000;0.000;0.000;0.000;0.000;0.000;0.000;0.000;0.000;0.000;0.000
359.51;0;0;0;0;21;11;10;1;0;0;0;0;0.000;0.000;0.000;0.000;0.000;0.000;0.000;0.000;0.000;0.000;0.000;0.000;0.000;0.000;0.000;0.000;0.000;0.000;0.000;0.000;0.000;0.000;0.000;0.000
360.51;0;0;0;0;21;11;10;1;0;0;0;0;0.000;0.000;0.000;0.000;0.000;0.000;0.000;0.000;0.000;0.000;0.000;0.000;0.000;0.000;0.000;0.000;0.000;0.000;0.000;0.000;0.000;0.000;0.000;0.000
361.51;0;0;0;0;21;11;10;1;0;0;0;0;0.000;0.000;0.000;0.000;0.000;0.000;0.000;0.000;0.000;0.000;0.000;0.000;0.000;0.000;0.000;0.000;0.000;0.000;0.000;0.000;0.000;0.000;0.000;0.000
362.51;0;0;0;0;21;11;10;1;0;0;0;0;0.000;0.000;0.000;0.000;0.000;0.000;0.000;0.000;0.000;0.000;0.000;0.000;0.000;0.000;0.000;0.000;0.000;0.000;0.000;0.000;0.000;0.000;0.000;0.000
363.51;0;0;0;0;21;11;10;1;0;0;0;0;0.000;0.000;0.000;0.000;0.000;0.000;0.000;0.000;0.000;0.000;0.000;0.000;0.000;0.000;0.000;0.000;0.000;0.000;0.000;0.000;0.000;0.000;0.000;0.000
364.51;0;0;0;0;21;11;10;1;0;0;0;0;0.000;0.000;0.000;0.000;0.000;0.000;0.000;0.000;0.000;0.000;0.000;0.000;0.000;0.000;0.000;0.000;0.000;0.000;0.000;0.000;0.000;0.000;0.000;0.000
365.52;0;0;0;0;21;11;10;1;0;0;0;0;0.000;0.000;0.000;0.000;0.000;0.000;0.000;0.000;0.000;0.000;0.000;0.000;0.000;0.000;0.000;0.000;0.000;0.000;0.000;0.000;0.000;0.000;0.000;0.000
366.52;0;0;0;0;21;11;10;1;0;0;0;0;0.000;0.000;0.000;0.000;0.000;0.000;0.000;0.000;0.000;0.000;0.000;0.000;0.000;0.000;0.000;0.000;0.000;0.000;0.000;0.000;0.000;0.000;0.000;0.000
367.52;0;0;0;0;21;11;10;1;0;0;0;0;0.000;0.000;0.000;0.000;0.000;0.000;0.000;0.000;0.000;0.000;0.000;0.000;0.000;0.000;0.000;0.000;0.000;0.000;0.000;0.000;0.000;0.000;0.000;0.000
368.52;0;0;0;0;21;11;10;1;0;0;0;0;0.000;0.000;0.000;0.000;0.000;0.000;0.000;0.000;0.000;0.000;0.000;0.000;0.000;0.000;0.000;0.000;0.000;0.000;0.000;0.000;0.000;0.000;0.000;0.000
369.52;0;0;0;0;21;11;10;1;0;0;0;0;0.000;0.000;0.000;0.000;0.000;0.000;0.000;0.000;0.000;0.000;0.000;0.000;0.000;0.000;0.000;0.000;0.000;0.000;0.000;0.000;0.000;0.000;0.000;0.000
370.52;0;0;0;0;21;11;10;1;0;0;0;0;0.000;0.000;0.000;0.000;0.000;0.000;0.000;0.000;0.000;0.000;0.000;0.000;0.000;0.000;0.000;0.000;0.000;0.000;0.000;0.000;0.000;0.000;0.000;0.000
371.52;0;0;0;0;21;11;10;1;0;0;0;0;0.000;0.000;0.000;0.000;0.000;0.000;0.000;0.000;0.000;0.000;0.000;0.000;0.000;0.000;0.000;0.000;0.000;0.000;0.000;0.000;0.000;0.000;0.000;0.000
372.52;0;0;0;0;21;11;10;1;0;0;0;0;0.000;0.000;0.000;0.000;0.000;0.000;0.000;0.000;0.000;0.000;0.000;0.000;0.000;0.000;0.000;0.000;0.000;0.000;0.000;0.000;0.000;0.000;0.000;0.000
373.52;0;0;0;0;21;11;10;1;0;0;0;0;0.000;0.000;0.000;0.000;0.000;0.000;0.000;0.000;0.000;0.000;0.000;0.000;0.000;0.000;0.000;0.000;0.000;0.000;0.000;0.000;0.000;0.000;0.000;0.000
374.52;0;0;0;0;21;11;10;1;0;0;0;0;0.000;0.000;0.000;0.000;0.000;0.000;0.000;0.000;0.000;0.000;0.000;0.000;0.000;0.000;0.000;0.000;0.000;0.000;0.000;0.000;0.000;0.000;0.000;0.000
375.52;0;0;0;0;21;11;10;1;0;0;0;0;0.000;0.000;0.000;0.000;0.000;0.000;0.000;0.000;0.000;0.000;0.000;0.000;0.000;0.000;0.000;0.000;0.000;0.000;0.000;0.000;0.000;0.000;0.000;0.000
376.53;0;0;0;0;21;11;10;1;0;0;0;0;0.000;0.000;0.000;0.000;0.000;0.000;0.000;0.000;0.000;0.000;0.000;0.000;0.000;0.000;0.000;0.000;0.000;0.000;0.000;0.000;0.000;0.000;0.000;0.000
377.53;0;0;0;0;21;11;10;1;0;0;0;0;0.000;0.000;0.000;0.000;0.000;0.000;0.000;0.000;0.000;0.000;0.000;0.000;0.000;0.000;0.000;0.000;0.000;0.000;0.000;0.000;0.000;0.000;0.000;0.000
378.53;0;0;0;0;21;11;10;1;0;0;0;0;0.000;0.000;0.000;0.000;0.000;0.000;0.000;0.000;0.000;0.000;0.000;0.000;0.000;0.000;0.000;0.000;0.000;0.000;0.000;0.000;0.000;0.000;0.000;0.000
379.53;0;0;0;0;21;11;10;1;0;0;0;0;0.000;0.000;0.000;0.000;0.000;0.000;0.000;0.000;0.000;0.000;0.000;0.000;0.000;0.000;0.000;0.000;0.000;0.000;0.000;0.000;0.000;0.000;0.000;0.000
380.53;0;0;0;0;21;11;10;1;0;0;0;0;0.000;0.000;0.000;0.000;0.000;0.000;0.000;0.000;0.000;0.000;0.000;0.000;0.000;0.000;0.000;0.000;0.000;0.000;0.000;0.000;0.000;0.000;0.000;0.000
381.53;0;0;0;0;21;11;10;1;0;0;0;0;0.000;0.000;0.000;0.000;0.000;0.000;0.000;0.000;0.000;0.000;0.000;0.000;0.000;0.000;0.000;0.000;0.000;0.000;0.000;0.000;0.000;0.000;0.000;0.000
382.53;0;0;0;0;21;11;10;1;0;0;0;0;0.000;0.000;0.000;0.000;0.000;0.000;0.000;0.000;0.000;0.000;0.000;0.000;0.000;0.000;0.000;0.000;0.000;0.000;0.000;0.000;0.000;0.000;0.000;0.000
383.53;0;0;0;0;21;11;10;1;0;0;0;0;0.000;0.000;0.000;0.000;0.000;0.000;0.000;0.000;0.000;0.000;0.000;0.000;0.000;0.000;0.000;0.000;0.000;0.000;0.000;0.000;0.000;0.000;0.000;0.000
384.53;0;0;0;0;21;11;10;1;0;0;0;0;0.000;0.000;0.000;0.000;0.000;0.000;0.000;0.000;0.000;0.000;0.000;0.000;0.000;0.000;0.000;0.000;0.000;0.000;0.000;0.000;0.000;0.000;0.000;0.000
385.53;0;0;0;0;21;11;10;1;0;0;0;0;0.000;0.000;0.000;0.000;0.000;0.000;0.000;0.000;0.000;0.000;0.000;0.000;0.000;0.000;0.000;0.000;0.000;0.000;0.000;0.000;0.000;0.000;0.000;0.000
386.54;0;0;0;0;21;11;10;1;0;0;0;0;0.000;0.000;0.000;0.000;0.000;0.000;0.000;0.000;0.000;0.000;0.000;0.000;0.000;0.000;0.000;0.000;0.000;0.000;0.000;0.000;0.000;0.000;0.000;0.000
387.54;0;0;0;0;21;11;10;1;0;0;0;0;0.000;0.000;0.000;0.000;0.000;0.000;0.000;0.000;0.000;0.000;0.000;0.000;0.000;0.000;0.000;0.000;0.000;0.000;0.000;0.000;0.000;0.000;0.000;0.000
388.54;0;0;0;0;21;11;10;1;0;0;0;0;0.000;0.000;0.000;0.000;0.000;0.000;0.000;0.000;0.000;0.000;0.000;0.000;0.000;0.000;0.000;0.000;0.000;0.000;0.000;0.000;0.000;0.000;0.000;0.000
389.54;0;0;0;0;21;11;10;1;0;0;0;0;0.000;0.000;0.000;0.000;0.000;0.000;0.000;0.000;0.000;0.000;0.000;0.000;0.000;0.000;0.000;0.000;0.000;0.000;0.000;0.000;0.000;0.000;0.000;0.000
390.54;0;0;0;0;21;11;10;1;0;0;0;0;0.000;0.000;0.000;0.000;0.000;0.000;0.000;0.000;0.000;0.000;0.000;0.000;0.000;0.000;0.000;0.000;0.000;0.000;0.000;0.000;0.000;0.000;0.000;0.000
391.54;0;0;0;0;21;11;10;1;0;0;0;0;0.000;0.000;0.000;0.000;0.000;0.000;0.000;0.000;0.000;0.000;0.000;0.000;0.000;0.000;0.000;0.000;0.000;0.000;0.000;0.000;0.000;0.000;0.000;0.000
392.54;0;0;0;0;21;11;10;1;0;0;0;0;0.000;0.000;0.000;0.000;0.000;0.000;0.000;0.000;0.000;0.000;0.000;0.000;0.000;0.000;0.000;0.000;0.000;0.000;0.000;0.000;0.000;0.000;0.000;0.000
393.55;0;0;0;0;21;11;10;1;0;0;0;0;0.000;0.000;0.000;0.000;0.000;0.000;0.000;0.000;0.000;0.000;0.000;0.000;0.000;0.000;0.000;0.000;0.000;0.000;0.000;0.000;0.000;0.000;0.000;0.000
394.55;0;0;0;0;21;11;10;1;0;0;0;0;0.000;0.000;0.000;0.000;0.000;0.000;0.000;0.000;0.000;0.000;0.000;0.000;0.000;0.000;0.000;0.000;0.000;0.000;0.000;0.000;0.000;0.000;0.000;0.000
395.55;0;0;0;0;21;11;10;1;0;0;0;0;0.000;0.000;0.000;0.000;0.000;0.000;0.000;0.000;0.000;0.000;0.000;0.000;0.000;0.000;0.000;0.000;0.000;0.000;0.000;0.000;0.000;0.000;0.000;0.000
396.55;0;0;0;0;21;11;10;1;0;0;0;0;0.000;0.000;0.000;0.000;0.000;0.000;0.000;0.000;0.000;0.000;0.000;0.000;0.000;0.000;0.000;0.000;0.000;0.000;0.000;0.000;0.000;0.000;0.000;0.000
397.55;0;0;0;0;21;11;10;1;0;0;0;0;0.000;0.000;0.000;0.000;0.000;0.000;0.000;0.000;0.000;0.000;0.000;0.000;0.000;0.000;0.000;0.000;0.000;0.000;0.000;0.000;0.000;0.000;0.000;0.000
398.56;0;0;0;0;21;11;10;1;0;0;0;0;0.000;0.000;0.000;0.000;0.000;0.000;0.000;0.000;0.000;0.000;0.000;0.000;0.000;0.000;0.000;0.000;0.000;0.000;0.000;0.000;0.000;0.000;0.000;0.000
399.56;0;0;0;0;21;11;10;1;0;0;0;0;0.000;0.000;0.000;0.000;0.000;0.000;0.000;0.000;0.000;0.000;0.000;0.000;0.000;0.000;0.000;0.000;0.000;0.000;0.000;0.000;0.000;0.000;0.000;0.000
400.56;0;0;0;0;21;11;10;1;0;0;0;0;0.000;0.000;0.000;0.000;0.000;0.000;0.000;0.000;0.000;0.000;0.000;0.000;0.000;0.000;0.000;0.000;0.000;0.000;0.000;0.000;0.000;0.000;0.000;0.000
401.56;0;0;0;0;21;11;10;1;0;0;0;0;0.000;0.000;0.000;0.000;0.000;0.000;0.000;0.000;0.000;0.000;0.000;0.000;0.000;0.000;0.000;0.000;0.000;0.000;0.000;0.000;0.000;0.000;0.000;0.000
402.56;0;0;0;0;21;11;10;1;0;0;0;0;0.000;0.000;0.000;0.000;0.000;0.000;0.000;0.000;0.000;0.000;0.000;0.000;0.000;0.000;0.000;0.000;0.000;0.000;0.000;0.000;0.000;0.000;0.000;0.000
403.56;0;0;0;0;21;11;10;1;0;0;0;0;0.000;0.000;0.000;0.000;0.000;0.000;0.000;0.000;0.000;0.000;0.000;0.000;0.000;0.000;0.000;0.000;0.000;0.000;0.000;0.000;0.000;0.000;0.000;0.000
404.56;0;0;0;0;21;11;10;1;0;0;0;0;0.000;0.000;0.000;0.000;0.000;0.000;0.000;0.000;0.000;0.000;0.000;0.000;0.000;0.000;0.000;0.000;0.000;0.000;0.000;0.000;0.000;0.000;0.000;0.000
405.56;0;0;0;0;21;11;10;1;0;0;0;0;0.000;0.000;0.000;0.000;0.000;0.000;0.000;0.000;0.000;0.000;0.000;0.000;0.000;0.000;0.000;0.000;0.000;0.000;0.000;0.000;0.000;0.000;0.000;0.000
406.56;0;0;0;0;21;11;10;1;0;0;0;0;0.000;0.000;0.000;0.000;0.000;0.000;0.000;0.000;0.000;0.000;0.000;0.000;0.000;0.000;0.000;0.000;0.000;0.000;0.000;0.000;0.000;0.000;0.000;0.000
407.57;0;0;0;0;21;11;10;1;0;0;0;0;0.000;0.000;0.000;0.000;0.000;0.000;0.000;0.000;0.000;0.000;0.000;0.000;0.000;0.000;0.000;0.000;0.000;0.000;0.000;0.000;0.000;0.000;0.000;0.000
408.57;0;0;0;0;21;11;10;1;0;0;0;0;0.000;0.000;0.000;0.000;0.000;0.000;0.000;0.000;0.000;0.000;0.000;0.000;0.000;0.000;0.000;0.000;0.000;0.000;0.000;0.000;0.000;0.000;0.000;0.000
409.57;0;0;0;0;21;11;10;1;0;0;0;0;0.000;0.000;0.000;0.000;0.000;0.000;0.000;0.000;0.000;0.000;0.000;0.000;0.000;0.000;0.000;0.000;0.000;0.000;0.000;0.000;0.000;0.000;0.000;0.000
410.57;0;0;0;0;21;11;10;1;0;0;0;0;0.000;0.000;0.000;0.000;0.000;0.000;0.000;0.000;0.000;0.000;0.000;0.000;0.000;0.000;0.000;0.000;0.000;0.000;0.000;0.000;0.000;0.000;0.000;0.000
